	Emoji	Hexadecimal	Unicode	Texto	
💁‍♂	&#x200d00000000;	U+1F4810000200D00002642	\xf0\x9f\x92\x81\xe2\x80\x8d\xe2\x99\x82	
 🧝‍♀️	&#x0;	U+1F9DD0000200D000026400000FE0F	\xf0\x9f\xa7\x9d\xe2\x80\x8d\xe2\x99\x80\xef\xb8\x8f	
 👨‍👩‍👧	&#x0;	U+1F4680000200D0001F4690000200D0001F467	\xf0\x9f\x91\xa8\xe2\x80\x8d\xf0\x9f\x91\xa9\xe2\x80\x8d\xf0\x9f\x91\xa7	
 👩‍👩‍👦‍👦	&#x0;	U+1F4690000200D0001F4690000200D0001F4660000200D0001F466	\xf0\x9f\x91\xa9\xe2\x80\x8d\xf0\x9f\x91\xa9\xe2\x80\x8d\xf0\x9f\x91\xa6\xe2\x80\x8d\xf0\x9f\x91\xa6	
 🧟‍♀️	&#x0;	U+1F9DF0000200D000026400000FE0F	\xf0\x9f\xa7\x9f\xe2\x80\x8d\xe2\x99\x80\xef\xb8\x8f	
 ⬜	&#x2b1c;	U+2B1C	\xe2\xac\x9c	
 ⬛	&#x2b1b;	U+2B1B	\xe2\xac\x9b	
 🐟	&#x1f41f;	U+1F41F	\xf0\x9f\x90\x9f	
 🐝	&#x1f41d;	U+1F41D	\xf0\x9f\x90\x9d	
 ⬅	&#x2b05;	U+2B05	\xe2\xac\x85	
 ⬇	&#x2b07;	U+2B07	\xe2\xac\x87	
 ⬆	&#x2b06;	U+2B06	\xe2\xac\x86	
 🇸🇬	&#x1f1f80001f1ec;	U+1F1F80001F1EC	\xf0\x9f\x87\xb8\xf0\x9f\x87\xac	
 🇸🇭	&#x1f1f80001f1ed;	U+1F1F80001F1ED	\xf0\x9f\x87\xb8\xf0\x9f\x87\xad	
 🇸🇮	&#x1f1f80001f1ee;	U+1F1F80001F1EE	\xf0\x9f\x87\xb8\xf0\x9f\x87\xae	
 🇸🇨	&#x1f1f80001f1e8;	U+1F1F80001F1E8	\xf0\x9f\x87\xb8\xf0\x9f\x87\xa8	
 🇸🇩	&#x1f1f80001f1e9;	U+1F1F80001F1E9	\xf0\x9f\x87\xb8\xf0\x9f\x87\xa9	
 🇸🇪	&#x1f1f80001f1ea;	U+1F1F80001F1EA	\xf0\x9f\x87\xb8\xf0\x9f\x87\xaa	
 🐂	&#x1f402;	U+1F402	\xf0\x9f\x90\x82	
 🇸🇦	&#x1f1f80001f1e6;	U+1F1F80001F1E6	\xf0\x9f\x87\xb8\xf0\x9f\x87\xa6	
 🇸🇧	&#x1f1f80001f1e7;	U+1F1F80001F1E7	\xf0\x9f\x87\xb8\xf0\x9f\x87\xa7	
 🇮🇴	&#x1f1ee0001f1f4;	U+1F1EE0001F1F4	\xf0\x9f\x87\xae\xf0\x9f\x87\xb4	
 🇸🇽	&#x1f1f80001f1fd;	U+1F1F80001F1FD	\xf0\x9f\x87\xb8\xf0\x9f\x87\xbd	
 🇸🇾	&#x1f1f80001f1fe;	U+1F1F80001F1FE	\xf0\x9f\x87\xb8\xf0\x9f\x87\xbe	
 🇸🇿	&#x1f1f80001f1ff;	U+1F1F80001F1FF	\xf0\x9f\x87\xb8\xf0\x9f\x87\xbf	
 🇸🇸	&#x1f1f80001f1f8;	U+1F1F80001F1F8	\xf0\x9f\x87\xb8\xf0\x9f\x87\xb8	
 🇸🇹	&#x1f1f80001f1f9;	U+1F1F80001F1F9	\xf0\x9f\x87\xb8\xf0\x9f\x87\xb9	
 🇫🇲	&#x1f1eb0001f1f2;	U+1F1EB0001F1F2	\xf0\x9f\x87\xab\xf0\x9f\x87\xb2	
 🇸🇴	&#x1f1f80001f1f4;	U+1F1F80001F1F4	\xf0\x9f\x87\xb8\xf0\x9f\x87\xb4	
 🇮🇲	&#x1f1ee0001f1f2;	U+1F1EE0001F1F2	\xf0\x9f\x87\xae\xf0\x9f\x87\xb2	
 🇸🇷	&#x1f1f80001f1f7;	U+1F1F80001F1F7	\xf0\x9f\x87\xb8\xf0\x9f\x87\xb7	
 🇸🇰	&#x1f1f80001f1f0;	U+1F1F80001F1F0	\xf0\x9f\x87\xb8\xf0\x9f\x87\xb0	
 🇸🇱	&#x1f1f80001f1f1;	U+1F1F80001F1F1	\xf0\x9f\x87\xb8\xf0\x9f\x87\xb1	
 🇸🇲	&#x1f1f80001f1f2;	U+1F1F80001F1F2	\xf0\x9f\x87\xb8\xf0\x9f\x87\xb2	
 🇸🇳	&#x1f1f80001f1f3;	U+1F1F80001F1F3	\xf0\x9f\x87\xb8\xf0\x9f\x87\xb3	
 💲	&#x1f4b2;	U+1F4B2	\xf0\x9f\x92\xb2	
 💵	&#x1f4b5;	U+1F4B5	\xf0\x9f\x92\xb5	
 🇮🇱	&#x1f1ee0001f1f1;	U+1F1EE0001F1F1	\xf0\x9f\x87\xae\xf0\x9f\x87\xb1	
 🇫🇴	&#x1f1eb0001f1f4;	U+1F1EB0001F1F4	\xf0\x9f\x87\xab\xf0\x9f\x87\xb4	
 💩	&#x1f4a9;	U+1F4A9	\xf0\x9f\x92\xa9	
 🐍	&#x1f40d;	U+1F40D	\xf0\x9f\x90\x8d	
 🇫🇯	&#x1f1eb0001f1ef;	U+1F1EB0001F1EF	\xf0\x9f\x87\xab\xf0\x9f\x87\xaf	
 🇮🇹	&#x1f1ee0001f1f9;	U+1F1EE0001F1F9	\xf0\x9f\x87\xae\xf0\x9f\x87\xb9	
 💬	&#x1f4ac;	U+1F4AC	\xf0\x9f\x92\xac	
 💯	&#x1f4af;	U+1F4AF	\xf0\x9f\x92\xaf	
 👯‍♂	&#x200d00000000;	U+1F46F0000200D00002642	\xf0\x9f\x91\xaf\xe2\x80\x8d\xe2\x99\x82	
 🏃‍♀	&#x200d00000000;	U+1F3C30000200D00002640	\xf0\x9f\x8f\x83\xe2\x80\x8d\xe2\x99\x80	
 ⁉	&#x2049;	U+2049	\xe2\x81\x89	
 🀄	&#x1f004;	U+1F004	\xf0\x9f\x80\x84	
 3⃣	&#x33000020e3;	U+33000020E3	\x33\xe2\x83\xa3	
 🖱	&#x1f5b1;	U+1F5B1	\xf0\x9f\x96\xb1	
 🖲	&#x1f5b2;	U+1F5B2	\xf0\x9f\x96\xb2	
 🖼	&#x1f5bc;	U+1F5BC	\xf0\x9f\x96\xbc	
 🖥	&#x1f5a5;	U+1F5A5	\xf0\x9f\x96\xa5	
 🖤	&#x1f5a4;	U+1F5A4	\xf0\x9f\x96\xa4	
 🖨	&#x1f5a8;	U+1F5A8	\xf0\x9f\x96\xa8	
 Ⓜ	&#x24c2;	U+24C2	\xe2\x93\x82	
 🖕	&#x1f595;	U+1F595	\xf0\x9f\x96\x95	
 🖖	&#x1f596;	U+1F596	\xf0\x9f\x96\x96	
 🖐	&#x1f590;	U+1F590	\xf0\x9f\x96\x90	
 🖇	&#x1f587;	U+1F587	\xf0\x9f\x96\x87	
 🖍	&#x1f58d;	U+1F58D	\xf0\x9f\x96\x8d	
 🖌	&#x1f58c;	U+1F58C	\xf0\x9f\x96\x8c	
 🖋	&#x1f58b;	U+1F58B	\xf0\x9f\x96\x8b	
 🖊	&#x1f58a;	U+1F58A	\xf0\x9f\x96\x8a	
 ➖	&#x2796;	U+2796	\xe2\x9e\x96	
 🏴󠁧󠁢󠁥󠁮󠁧󠁿	&#x0;	U+1F3F4000E0067000E0062000E0065000E006E000E0067000E007F	\xf0\x9f\x8f\xb4\xf3\xa0\x81\xa7\xf3\xa0\x81\xa2\xf3\xa0\x81\xa5\xf3\xa0\x81\xae\xf3\xa0\x81\xa7\xf3\xa0\x81\xbf	
 ⭐	&#x2b50;	U+2B50	\xe2\xad\x90	
 ⭕	&#x2b55;	U+2B55	\xe2\xad\x95	
 👰	&#x1f470;	U+1F470	\xf0\x9f\x91\xb0	
 👱	&#x1f471;	U+1F471	\xf0\x9f\x91\xb1	
 👲	&#x1f472;	U+1F472	\xf0\x9f\x91\xb2	
 👳	&#x1f473;	U+1F473	\xf0\x9f\x91\xb3	
 👴	&#x1f474;	U+1F474	\xf0\x9f\x91\xb4	
 👵	&#x1f475;	U+1F475	\xf0\x9f\x91\xb5	
 👶	&#x1f476;	U+1F476	\xf0\x9f\x91\xb6	
 👷	&#x1f477;	U+1F477	\xf0\x9f\x91\xb7	
 👸	&#x1f478;	U+1F478	\xf0\x9f\x91\xb8	
 👹	&#x1f479;	U+1F479	\xf0\x9f\x91\xb9	
 👺	&#x1f47a;	U+1F47A	\xf0\x9f\x91\xba	
 👻	&#x1f47b;	U+1F47B	\xf0\x9f\x91\xbb	
 👼	&#x1f47c;	U+1F47C	\xf0\x9f\x91\xbc	
 👽	&#x1f47d;	U+1F47D	\xf0\x9f\x91\xbd	
 👾	&#x1f47e;	U+1F47E	\xf0\x9f\x91\xbe	
 👿	&#x1f47f;	U+1F47F	\xf0\x9f\x91\xbf	
 👠	&#x1f460;	U+1F460	\xf0\x9f\x91\xa0	
 👡	&#x1f461;	U+1F461	\xf0\x9f\x91\xa1	
 👢	&#x1f462;	U+1F462	\xf0\x9f\x91\xa2	
 👣	&#x1f463;	U+1F463	\xf0\x9f\x91\xa3	
 👤	&#x1f464;	U+1F464	\xf0\x9f\x91\xa4	
 👥	&#x1f465;	U+1F465	\xf0\x9f\x91\xa5	
 👦	&#x1f466;	U+1F466	\xf0\x9f\x91\xa6	
 👧	&#x1f467;	U+1F467	\xf0\x9f\x91\xa7	
 👨	&#x1f468;	U+1F468	\xf0\x9f\x91\xa8	
 👩	&#x1f469;	U+1F469	\xf0\x9f\x91\xa9	
 👩‍💼	&#x200d00000000;	U+1F4690000200D0001F4BC	\xf0\x9f\x91\xa9\xe2\x80\x8d\xf0\x9f\x92\xbc	
 👫	&#x1f46b;	U+1F46B	\xf0\x9f\x91\xab	
 👬	&#x1f46c;	U+1F46C	\xf0\x9f\x91\xac	
 👭	&#x1f46d;	U+1F46D	\xf0\x9f\x91\xad	
 👮	&#x1f46e;	U+1F46E	\xf0\x9f\x91\xae	
 👯	&#x1f46f;	U+1F46F	\xf0\x9f\x91\xaf	
 👐	&#x1f450;	U+1F450	\xf0\x9f\x91\x90	
 🇰🇵	&#x1f1f00001f1f5;	U+1F1F00001F1F5	\xf0\x9f\x87\xb0\xf0\x9f\x87\xb5	
 👒	&#x1f452;	U+1F452	\xf0\x9f\x91\x92	
 🇰🇷	&#x1f1f00001f1f7;	U+1F1F00001F1F7	\xf0\x9f\x87\xb0\xf0\x9f\x87\xb7	
 👔	&#x1f454;	U+1F454	\xf0\x9f\x91\x94	
 👕	&#x1f455;	U+1F455	\xf0\x9f\x91\x95	
 🇰🇲	&#x1f1f00001f1f2;	U+1F1F00001F1F2	\xf0\x9f\x87\xb0\xf0\x9f\x87\xb2	
 👗	&#x1f457;	U+1F457	\xf0\x9f\x91\x97	
 🇰🇼	&#x1f1f00001f1fc;	U+1F1F00001F1FC	\xf0\x9f\x87\xb0\xf0\x9f\x87\xbc	
 👙	&#x1f459;	U+1F459	\xf0\x9f\x91\x99	
 👚	&#x1f45a;	U+1F45A	\xf0\x9f\x91\x9a	
 🇰🇿	&#x1f1f00001f1ff;	U+1F1F00001F1FF	\xf0\x9f\x87\xb0\xf0\x9f\x87\xbf	
 👜	&#x1f45c;	U+1F45C	\xf0\x9f\x91\x9c	
 👝	&#x1f45d;	U+1F45D	\xf0\x9f\x91\x9d	
 👞	&#x1f45e;	U+1F45E	\xf0\x9f\x91\x9e	
 👟	&#x1f45f;	U+1F45F	\xf0\x9f\x91\x9f	
 👀	&#x1f440;	U+1F440	\xf0\x9f\x91\x80	
 👁	&#x1f441;	U+1F441	\xf0\x9f\x91\x81	
 👂	&#x1f442;	U+1F442	\xf0\x9f\x91\x82	
 👃	&#x1f443;	U+1F443	\xf0\x9f\x91\x83	
 👄	&#x1f444;	U+1F444	\xf0\x9f\x91\x84	
 👅	&#x1f445;	U+1F445	\xf0\x9f\x91\x85	
 👆	&#x1f446;	U+1F446	\xf0\x9f\x91\x86	
 👇	&#x1f447;	U+1F447	\xf0\x9f\x91\x87	
 🇰🇬	&#x1f1f00001f1ec;	U+1F1F00001F1EC	\xf0\x9f\x87\xb0\xf0\x9f\x87\xac	
 👉	&#x1f449;	U+1F449	\xf0\x9f\x91\x89	
 🇰🇮	&#x1f1f00001f1ee;	U+1F1F00001F1EE	\xf0\x9f\x87\xb0\xf0\x9f\x87\xae	
 👋	&#x1f44b;	U+1F44B	\xf0\x9f\x91\x8b	
 👌	&#x1f44c;	U+1F44C	\xf0\x9f\x91\x8c	
 👍	&#x1f44d;	U+1F44D	\xf0\x9f\x91\x8d	
 🇰🇪	&#x1f1f00001f1ea;	U+1F1F00001F1EA	\xf0\x9f\x87\xb0\xf0\x9f\x87\xaa	
 👏	&#x1f44f;	U+1F44F	\xf0\x9f\x91\x8f	
 ♾️	&#x267e0000fe0f;	U+267E0000FE0F	\xe2\x99\xbe\xef\xb8\x8f	
 🧙‍♀️	&#x0;	U+1F9D90000200D000026400000FE0F	\xf0\x9f\xa7\x99\xe2\x80\x8d\xe2\x99\x80\xef\xb8\x8f	
 👨‍🔬	&#x200d00000000;	U+1F4680000200D0001F52C	\xf0\x9f\x91\xa8\xe2\x80\x8d\xf0\x9f\x94\xac	
 👨‍🔧	&#x200d00000000;	U+1F4680000200D0001F527	\xf0\x9f\x91\xa8\xe2\x80\x8d\xf0\x9f\x94\xa7	
 🇸🇻	&#x1f1f80001f1fb;	U+1F1F80001F1FB	\xf0\x9f\x87\xb8\xf0\x9f\x87\xbb	
 🃏	&#x1f0cf;	U+1F0CF	\xf0\x9f\x83\x8f	
 👨‍🚒	&#x200d00000000;	U+1F4680000200D0001F692	\xf0\x9f\x91\xa8\xe2\x80\x8d\xf0\x9f\x9a\x92	
 🧞‍♂️	&#x0;	U+1F9DE0000200D000026420000FE0F	\xf0\x9f\xa7\x9e\xe2\x80\x8d\xe2\x99\x82\xef\xb8\x8f	
 6⃣	&#x36000020e3;	U+36000020E3	\x36\xe2\x83\xa3	
 👨‍🚀	&#x200d00000000;	U+1F4680000200D0001F680	\xf0\x9f\x91\xa8\xe2\x80\x8d\xf0\x9f\x9a\x80	
 🍤	&#x1f364;	U+1F364	\xf0\x9f\x8d\xa4	
 🍥	&#x1f365;	U+1F365	\xf0\x9f\x8d\xa5	
 🍦	&#x1f366;	U+1F366	\xf0\x9f\x8d\xa6	
 🍧	&#x1f367;	U+1F367	\xf0\x9f\x8d\xa7	
 🍠	&#x1f360;	U+1F360	\xf0\x9f\x8d\xa0	
 🍡	&#x1f361;	U+1F361	\xf0\x9f\x8d\xa1	
 🍢	&#x1f362;	U+1F362	\xf0\x9f\x8d\xa2	
 🍣	&#x1f363;	U+1F363	\xf0\x9f\x8d\xa3	
 🍬	&#x1f36c;	U+1F36C	\xf0\x9f\x8d\xac	
 🍭	&#x1f36d;	U+1F36D	\xf0\x9f\x8d\xad	
 🍮	&#x1f36e;	U+1F36E	\xf0\x9f\x8d\xae	
 🍯	&#x1f36f;	U+1F36F	\xf0\x9f\x8d\xaf	
 🍨	&#x1f368;	U+1F368	\xf0\x9f\x8d\xa8	
 🍩	&#x1f369;	U+1F369	\xf0\x9f\x8d\xa9	
 🍪	&#x1f36a;	U+1F36A	\xf0\x9f\x8d\xaa	
 🍫	&#x1f36b;	U+1F36B	\xf0\x9f\x8d\xab	
 🍴	&#x1f374;	U+1F374	\xf0\x9f\x8d\xb4	
 🍵	&#x1f375;	U+1F375	\xf0\x9f\x8d\xb5	
 🍶	&#x1f376;	U+1F376	\xf0\x9f\x8d\xb6	
 🍷	&#x1f377;	U+1F377	\xf0\x9f\x8d\xb7	
 🍰	&#x1f370;	U+1F370	\xf0\x9f\x8d\xb0	
 🍱	&#x1f371;	U+1F371	\xf0\x9f\x8d\xb1	
 🍲	&#x1f372;	U+1F372	\xf0\x9f\x8d\xb2	
 🍳	&#x1f373;	U+1F373	\xf0\x9f\x8d\xb3	
 🍼	&#x1f37c;	U+1F37C	\xf0\x9f\x8d\xbc	
 🍽	&#x1f37d;	U+1F37D	\xf0\x9f\x8d\xbd	
 🍾	&#x1f37e;	U+1F37E	\xf0\x9f\x8d\xbe	
 🍿	&#x1f37f;	U+1F37F	\xf0\x9f\x8d\xbf	
 🍸	&#x1f378;	U+1F378	\xf0\x9f\x8d\xb8	
 🍹	&#x1f379;	U+1F379	\xf0\x9f\x8d\xb9	
 🍺	&#x1f37a;	U+1F37A	\xf0\x9f\x8d\xba	
 🍻	&#x1f37b;	U+1F37B	\xf0\x9f\x8d\xbb	
 🍄	&#x1f344;	U+1F344	\xf0\x9f\x8d\x84	
 🍅	&#x1f345;	U+1F345	\xf0\x9f\x8d\x85	
 🍆	&#x1f346;	U+1F346	\xf0\x9f\x8d\x86	
 🍇	&#x1f347;	U+1F347	\xf0\x9f\x8d\x87	
 🍀	&#x1f340;	U+1F340	\xf0\x9f\x8d\x80	
 🍁	&#x1f341;	U+1F341	\xf0\x9f\x8d\x81	
 🍂	&#x1f342;	U+1F342	\xf0\x9f\x8d\x82	
 🍃	&#x1f343;	U+1F343	\xf0\x9f\x8d\x83	
 🍌	&#x1f34c;	U+1F34C	\xf0\x9f\x8d\x8c	
 🍍	&#x1f34d;	U+1F34D	\xf0\x9f\x8d\x8d	
 🍎	&#x1f34e;	U+1F34E	\xf0\x9f\x8d\x8e	
 🍏	&#x1f34f;	U+1F34F	\xf0\x9f\x8d\x8f	
 🍈	&#x1f348;	U+1F348	\xf0\x9f\x8d\x88	
 🍉	&#x1f349;	U+1F349	\xf0\x9f\x8d\x89	
 🍊	&#x1f34a;	U+1F34A	\xf0\x9f\x8d\x8a	
 🍋	&#x1f34b;	U+1F34B	\xf0\x9f\x8d\x8b	
 🍔	&#x1f354;	U+1F354	\xf0\x9f\x8d\x94	
 🍕	&#x1f355;	U+1F355	\xf0\x9f\x8d\x95	
 🍖	&#x1f356;	U+1F356	\xf0\x9f\x8d\x96	
 🍗	&#x1f357;	U+1F357	\xf0\x9f\x8d\x97	
 🍐	&#x1f350;	U+1F350	\xf0\x9f\x8d\x90	
 🍑	&#x1f351;	U+1F351	\xf0\x9f\x8d\x91	
 🍒	&#x1f352;	U+1F352	\xf0\x9f\x8d\x92	
 🍓	&#x1f353;	U+1F353	\xf0\x9f\x8d\x93	
 🍜	&#x1f35c;	U+1F35C	\xf0\x9f\x8d\x9c	
 🍝	&#x1f35d;	U+1F35D	\xf0\x9f\x8d\x9d	
 🍞	&#x1f35e;	U+1F35E	\xf0\x9f\x8d\x9e	
 🍟	&#x1f35f;	U+1F35F	\xf0\x9f\x8d\x9f	
 🍘	&#x1f358;	U+1F358	\xf0\x9f\x8d\x98	
 🍙	&#x1f359;	U+1F359	\xf0\x9f\x8d\x99	
 🍚	&#x1f35a;	U+1F35A	\xf0\x9f\x8d\x9a	
 🍛	&#x1f35b;	U+1F35B	\xf0\x9f\x8d\x9b	
 🇩🇿	&#x1f1e90001f1ff;	U+1F1E90001F1FF	\xf0\x9f\x87\xa9\xf0\x9f\x87\xbf	
 🧚‍♀️	&#x0;	U+1F9DA0000200D000026400000FE0F	\xf0\x9f\xa7\x9a\xe2\x80\x8d\xe2\x99\x80\xef\xb8\x8f	
 🇩🇴	&#x1f1e90001f1f4;	U+1F1E90001F1F4	\xf0\x9f\x87\xa9\xf0\x9f\x87\xb4	
 🇩🇰	&#x1f1e90001f1f0;	U+1F1E90001F1F0	\xf0\x9f\x87\xa9\xf0\x9f\x87\xb0	
 🇩🇲	&#x1f1e90001f1f2;	U+1F1E90001F1F2	\xf0\x9f\x87\xa9\xf0\x9f\x87\xb2	
 🇩🇯	&#x1f1e90001f1ef;	U+1F1E90001F1EF	\xf0\x9f\x87\xa9\xf0\x9f\x87\xaf	
 🇩🇪	&#x1f1e90001f1ea;	U+1F1E90001F1EA	\xf0\x9f\x87\xa9\xf0\x9f\x87\xaa	
 🐳	&#x1f433;	U+1F433	\xf0\x9f\x90\xb3	
 🐲	&#x1f432;	U+1F432	\xf0\x9f\x90\xb2	
 🐱	&#x1f431;	U+1F431	\xf0\x9f\x90\xb1	
 🐰	&#x1f430;	U+1F430	\xf0\x9f\x90\xb0	
 🐷	&#x1f437;	U+1F437	\xf0\x9f\x90\xb7	
 🐶	&#x1f436;	U+1F436	\xf0\x9f\x90\xb6	
 🐵	&#x1f435;	U+1F435	\xf0\x9f\x90\xb5	
 🐴	&#x1f434;	U+1F434	\xf0\x9f\x90\xb4	
 🐻	&#x1f43b;	U+1F43B	\xf0\x9f\x90\xbb	
 🐺	&#x1f43a;	U+1F43A	\xf0\x9f\x90\xba	
 🐹	&#x1f439;	U+1F439	\xf0\x9f\x90\xb9	
 🐸	&#x1f438;	U+1F438	\xf0\x9f\x90\xb8	
 🐿	&#x1f43f;	U+1F43F	\xf0\x9f\x90\xbf	
 🐾	&#x1f43e;	U+1F43E	\xf0\x9f\x90\xbe	
 🐽	&#x1f43d;	U+1F43D	\xf0\x9f\x90\xbd	
 🐼	&#x1f43c;	U+1F43C	\xf0\x9f\x90\xbc	
 🐣	&#x1f423;	U+1F423	\xf0\x9f\x90\xa3	
 🐢	&#x1f422;	U+1F422	\xf0\x9f\x90\xa2	
 🐡	&#x1f421;	U+1F421	\xf0\x9f\x90\xa1	
 🐠	&#x1f420;	U+1F420	\xf0\x9f\x90\xa0	
 🐧	&#x1f427;	U+1F427	\xf0\x9f\x90\xa7	
 🐦	&#x1f426;	U+1F426	\xf0\x9f\x90\xa6	
 🐥	&#x1f425;	U+1F425	\xf0\x9f\x90\xa5	
 🐤	&#x1f424;	U+1F424	\xf0\x9f\x90\xa4	
 🐫	&#x1f42b;	U+1F42B	\xf0\x9f\x90\xab	
 🐪	&#x1f42a;	U+1F42A	\xf0\x9f\x90\xaa	
 🐩	&#x1f429;	U+1F429	\xf0\x9f\x90\xa9	
 🐨	&#x1f428;	U+1F428	\xf0\x9f\x90\xa8	
 🐯	&#x1f42f;	U+1F42F	\xf0\x9f\x90\xaf	
 🐮	&#x1f42e;	U+1F42E	\xf0\x9f\x90\xae	
 🐭	&#x1f42d;	U+1F42D	\xf0\x9f\x90\xad	
 🐬	&#x1f42c;	U+1F42C	\xf0\x9f\x90\xac	
 🐓	&#x1f413;	U+1F413	\xf0\x9f\x90\x93	
 🐒	&#x1f412;	U+1F412	\xf0\x9f\x90\x92	
 🐑	&#x1f411;	U+1F411	\xf0\x9f\x90\x91	
 🐐	&#x1f410;	U+1F410	\xf0\x9f\x90\x90	
 🐗	&#x1f417;	U+1F417	\xf0\x9f\x90\x97	
 🐖	&#x1f416;	U+1F416	\xf0\x9f\x90\x96	
 🐕	&#x1f415;	U+1F415	\xf0\x9f\x90\x95	
 🐔	&#x1f414;	U+1F414	\xf0\x9f\x90\x94	
 🐛	&#x1f41b;	U+1F41B	\xf0\x9f\x90\x9b	
 🐚	&#x1f41a;	U+1F41A	\xf0\x9f\x90\x9a	
 🐙	&#x1f419;	U+1F419	\xf0\x9f\x90\x99	
 🐘	&#x1f418;	U+1F418	\xf0\x9f\x90\x98	
 🇮🇪	&#x1f1ee0001f1ea;	U+1F1EE0001F1EA	\xf0\x9f\x87\xae\xf0\x9f\x87\xaa	
 🐞	&#x1f41e;	U+1F41E	\xf0\x9f\x90\x9e	
 🇮🇨	&#x1f1ee0001f1e8;	U+1F1EE0001F1E8	\xf0\x9f\x87\xae\xf0\x9f\x87\xa8	
 🐜	&#x1f41c;	U+1F41C	\xf0\x9f\x90\x9c	
 🐃	&#x1f403;	U+1F403	\xf0\x9f\x90\x83	
 🇮🇷	&#x1f1ee0001f1f7;	U+1F1EE0001F1F7	\xf0\x9f\x87\xae\xf0\x9f\x87\xb7	
 🐁	&#x1f401;	U+1F401	\xf0\x9f\x90\x81	
 🐀	&#x1f400;	U+1F400	\xf0\x9f\x90\x80	
 🐇	&#x1f407;	U+1F407	\xf0\x9f\x90\x87	
 🇮🇳	&#x1f1ee0001f1f3;	U+1F1EE0001F1F3	\xf0\x9f\x87\xae\xf0\x9f\x87\xb3	
 🐅	&#x1f405;	U+1F405	\xf0\x9f\x90\x85	
 🐄	&#x1f404;	U+1F404	\xf0\x9f\x90\x84	
 🐋	&#x1f40b;	U+1F40B	\xf0\x9f\x90\x8b	
 🐊	&#x1f40a;	U+1F40A	\xf0\x9f\x90\x8a	
 🐉	&#x1f409;	U+1F409	\xf0\x9f\x90\x89	
 🐈	&#x1f408;	U+1F408	\xf0\x9f\x90\x88	
 🐏	&#x1f40f;	U+1F40F	\xf0\x9f\x90\x8f	
 🐎	&#x1f40e;	U+1F40E	\xf0\x9f\x90\x8e	
 🇮🇸	&#x1f1ee0001f1f8;	U+1F1EE0001F1F8	\xf0\x9f\x87\xae\xf0\x9f\x87\xb8	
 🐌	&#x1f40c;	U+1F40C	\xf0\x9f\x90\x8c	
 🌧	&#x1f327;	U+1F327	\xf0\x9f\x8c\xa7	
 🌦	&#x1f326;	U+1F326	\xf0\x9f\x8c\xa6	
 🌥	&#x1f325;	U+1F325	\xf0\x9f\x8c\xa5	
 🌤	&#x1f324;	U+1F324	\xf0\x9f\x8c\xa4	
 🌡	&#x1f321;	U+1F321	\xf0\x9f\x8c\xa1	
 🌠	&#x1f320;	U+1F320	\xf0\x9f\x8c\xa0	
 🌯	&#x1f32f;	U+1F32F	\xf0\x9f\x8c\xaf	
 🌮	&#x1f32e;	U+1F32E	\xf0\x9f\x8c\xae	
 🌭	&#x1f32d;	U+1F32D	\xf0\x9f\x8c\xad	
 🌬	&#x1f32c;	U+1F32C	\xf0\x9f\x8c\xac	
 🌫	&#x1f32b;	U+1F32B	\xf0\x9f\x8c\xab	
 🌪	&#x1f32a;	U+1F32A	\xf0\x9f\x8c\xaa	
 🌩	&#x1f329;	U+1F329	\xf0\x9f\x8c\xa9	
 🌨	&#x1f328;	U+1F328	\xf0\x9f\x8c\xa8	
 🌷	&#x1f337;	U+1F337	\xf0\x9f\x8c\xb7	
 🌶	&#x1f336;	U+1F336	\xf0\x9f\x8c\xb6	
 🌵	&#x1f335;	U+1F335	\xf0\x9f\x8c\xb5	
 🌴	&#x1f334;	U+1F334	\xf0\x9f\x8c\xb4	
 🌳	&#x1f333;	U+1F333	\xf0\x9f\x8c\xb3	
 🌲	&#x1f332;	U+1F332	\xf0\x9f\x8c\xb2	
 🌱	&#x1f331;	U+1F331	\xf0\x9f\x8c\xb1	
 🌰	&#x1f330;	U+1F330	\xf0\x9f\x8c\xb0	
 🌿	&#x1f33f;	U+1F33F	\xf0\x9f\x8c\xbf	
 🌾	&#x1f33e;	U+1F33E	\xf0\x9f\x8c\xbe	
 🌽	&#x1f33d;	U+1F33D	\xf0\x9f\x8c\xbd	
 🌼	&#x1f33c;	U+1F33C	\xf0\x9f\x8c\xbc	
 🌻	&#x1f33b;	U+1F33B	\xf0\x9f\x8c\xbb	
 🌺	&#x1f33a;	U+1F33A	\xf0\x9f\x8c\xba	
 🌹	&#x1f339;	U+1F339	\xf0\x9f\x8c\xb9	
 🌸	&#x1f338;	U+1F338	\xf0\x9f\x8c\xb8	
 🌇	&#x1f307;	U+1F307	\xf0\x9f\x8c\x87	
 🌆	&#x1f306;	U+1F306	\xf0\x9f\x8c\x86	
 🌅	&#x1f305;	U+1F305	\xf0\x9f\x8c\x85	
 🌄	&#x1f304;	U+1F304	\xf0\x9f\x8c\x84	
 🌃	&#x1f303;	U+1F303	\xf0\x9f\x8c\x83	
 🌂	&#x1f302;	U+1F302	\xf0\x9f\x8c\x82	
 🌁	&#x1f301;	U+1F301	\xf0\x9f\x8c\x81	
 🌀	&#x1f300;	U+1F300	\xf0\x9f\x8c\x80	
 🌏	&#x1f30f;	U+1F30F	\xf0\x9f\x8c\x8f	
 🌎	&#x1f30e;	U+1F30E	\xf0\x9f\x8c\x8e	
 🌍	&#x1f30d;	U+1F30D	\xf0\x9f\x8c\x8d	
 🌌	&#x1f30c;	U+1F30C	\xf0\x9f\x8c\x8c	
 🌋	&#x1f30b;	U+1F30B	\xf0\x9f\x8c\x8b	
 🌊	&#x1f30a;	U+1F30A	\xf0\x9f\x8c\x8a	
 🌉	&#x1f309;	U+1F309	\xf0\x9f\x8c\x89	
 🌈	&#x1f308;	U+1F308	\xf0\x9f\x8c\x88	
 🌗	&#x1f317;	U+1F317	\xf0\x9f\x8c\x97	
 🌖	&#x1f316;	U+1F316	\xf0\x9f\x8c\x96	
 🌕	&#x1f315;	U+1F315	\xf0\x9f\x8c\x95	
 🌔	&#x1f314;	U+1F314	\xf0\x9f\x8c\x94	
 🌓	&#x1f313;	U+1F313	\xf0\x9f\x8c\x93	
 🌒	&#x1f312;	U+1F312	\xf0\x9f\x8c\x92	
 🌑	&#x1f311;	U+1F311	\xf0\x9f\x8c\x91	
 🌐	&#x1f310;	U+1F310	\xf0\x9f\x8c\x90	
 🌟	&#x1f31f;	U+1F31F	\xf0\x9f\x8c\x9f	
 🌞	&#x1f31e;	U+1F31E	\xf0\x9f\x8c\x9e	
 🌝	&#x1f31d;	U+1F31D	\xf0\x9f\x8c\x9d	
 🌜	&#x1f31c;	U+1F31C	\xf0\x9f\x8c\x9c	
 🌛	&#x1f31b;	U+1F31B	\xf0\x9f\x8c\x9b	
 🌚	&#x1f31a;	U+1F31A	\xf0\x9f\x8c\x9a	
 🌙	&#x1f319;	U+1F319	\xf0\x9f\x8c\x99	
 🌘	&#x1f318;	U+1F318	\xf0\x9f\x8c\x98	
 🇳🇱	&#x1f1f30001f1f1;	U+1F1F30001F1F1	\xf0\x9f\x87\xb3\xf0\x9f\x87\xb1	
 🇳🇷	&#x1f1f30001f1f7;	U+1F1F30001F1F7	\xf0\x9f\x87\xb3\xf0\x9f\x87\xb7	
 🇳🇵	&#x1f1f30001f1f5;	U+1F1F30001F1F5	\xf0\x9f\x87\xb3\xf0\x9f\x87\xb5	
 🇳🇴	&#x1f1f30001f1f4;	U+1F1F30001F1F4	\xf0\x9f\x87\xb3\xf0\x9f\x87\xb4	
 🇳🇺	&#x1f1f30001f1fa;	U+1F1F30001F1FA	\xf0\x9f\x87\xb3\xf0\x9f\x87\xba	
 🇳🇿	&#x1f1f30001f1ff;	U+1F1F30001F1FF	\xf0\x9f\x87\xb3\xf0\x9f\x87\xbf	
 🇳🇦	&#x1f1f30001f1e6;	U+1F1F30001F1E6	\xf0\x9f\x87\xb3\xf0\x9f\x87\xa6	
 🇳🇫	&#x1f1f30001f1eb;	U+1F1F30001F1EB	\xf0\x9f\x87\xb3\xf0\x9f\x87\xab	
 🇳🇪	&#x1f1f30001f1ea;	U+1F1F30001F1EA	\xf0\x9f\x87\xb3\xf0\x9f\x87\xaa	
 🇳🇨	&#x1f1f30001f1e8;	U+1F1F30001F1E8	\xf0\x9f\x87\xb3\xf0\x9f\x87\xa8	
 🇳🇮	&#x1f1f30001f1ee;	U+1F1F30001F1EE	\xf0\x9f\x87\xb3\xf0\x9f\x87\xae	
 🇳🇬	&#x1f1f30001f1ec;	U+1F1F30001F1EC	\xf0\x9f\x87\xb3\xf0\x9f\x87\xac	
 ⏸	&#x23f8;	U+23F8	\xe2\x8f\xb8	
 ⏹	&#x23f9;	U+23F9	\xe2\x8f\xb9	
 ⏺	&#x23fa;	U+23FA	\xe2\x8f\xba	
 ⏰	&#x23f0;	U+23F0	\xe2\x8f\xb0	
 ⏱	&#x23f1;	U+23F1	\xe2\x8f\xb1	
 ⏲	&#x23f2;	U+23F2	\xe2\x8f\xb2	
 ⏳	&#x23f3;	U+23F3	\xe2\x8f\xb3	
 ⏩	&#x23e9;	U+23E9	\xe2\x8f\xa9	
 ⏪	&#x23ea;	U+23EA	\xe2\x8f\xaa	
 ⏫	&#x23eb;	U+23EB	\xe2\x8f\xab	
 ⏬	&#x23ec;	U+23EC	\xe2\x8f\xac	
 ⏭	&#x23ed;	U+23ED	\xe2\x8f\xad	
 ⏮	&#x23ee;	U+23EE	\xe2\x8f\xae	
 ⏯	&#x23ef;	U+23EF	\xe2\x8f\xaf	
 🙆	&#x1f646;	U+1F646	\xf0\x9f\x99\x86	
 ⛹‍♀	&#x200d00000000;	U+26F90000200D00002640	\xe2\x9b\xb9\xe2\x80\x8d\xe2\x99\x80	
 👩‍👩‍👦	&#x0;	U+1F4690000200D0001F4690000200D0001F466	\xf0\x9f\x91\xa9\xe2\x80\x8d\xf0\x9f\x91\xa9\xe2\x80\x8d\xf0\x9f\x91\xa6	
 👩‍👩‍👧	&#x0;	U+1F4690000200D0001F4690000200D0001F467	\xf0\x9f\x91\xa9\xe2\x80\x8d\xf0\x9f\x91\xa9\xe2\x80\x8d\xf0\x9f\x91\xa7	
 🇱🇷	&#x1f1f10001f1f7;	U+1F1F10001F1F7	\xf0\x9f\x87\xb1\xf0\x9f\x87\xb7	
 🇱🇰	&#x1f1f10001f1f0;	U+1F1F10001F1F0	\xf0\x9f\x87\xb1\xf0\x9f\x87\xb0	
 🇱🇾	&#x1f1f10001f1fe;	U+1F1F10001F1FE	\xf0\x9f\x87\xb1\xf0\x9f\x87\xbe	
 🇱🇹	&#x1f1f10001f1f9;	U+1F1F10001F1F9	\xf0\x9f\x87\xb1\xf0\x9f\x87\xb9	
 🇱🇸	&#x1f1f10001f1f8;	U+1F1F10001F1F8	\xf0\x9f\x87\xb1\xf0\x9f\x87\xb8	
 🇱🇻	&#x1f1f10001f1fb;	U+1F1F10001F1FB	\xf0\x9f\x87\xb1\xf0\x9f\x87\xbb	
 🇱🇺	&#x1f1f10001f1fa;	U+1F1F10001F1FA	\xf0\x9f\x87\xb1\xf0\x9f\x87\xba	
 🇱🇧	&#x1f1f10001f1e7;	U+1F1F10001F1E7	\xf0\x9f\x87\xb1\xf0\x9f\x87\xa7	
 🇱🇦	&#x1f1f10001f1e6;	U+1F1F10001F1E6	\xf0\x9f\x87\xb1\xf0\x9f\x87\xa6	
 🇱🇮	&#x1f1f10001f1ee;	U+1F1F10001F1EE	\xf0\x9f\x87\xb1\xf0\x9f\x87\xae	
 🇱🇨	&#x1f1f10001f1e8;	U+1F1F10001F1E8	\xf0\x9f\x87\xb1\xf0\x9f\x87\xa8	
 👩‍🦲	&#x200d00000000;	U+1F4690000200D0001F9B2	\xf0\x9f\x91\xa9\xe2\x80\x8d\xf0\x9f\xa6\xb2	
 👩‍🦳	&#x200d00000000;	U+1F4690000200D0001F9B3	\xf0\x9f\x91\xa9\xe2\x80\x8d\xf0\x9f\xa6\xb3	
 👩‍🦰	&#x200d00000000;	U+1F4690000200D0001F9B0	\xf0\x9f\x91\xa9\xe2\x80\x8d\xf0\x9f\xa6\xb0	
 👩‍🦱	&#x200d00000000;	U+1F4690000200D0001F9B1	\xf0\x9f\x91\xa9\xe2\x80\x8d\xf0\x9f\xa6\xb1	
 0⃣	&#x30000020e3;	U+30000020E3	\x30\xe2\x83\xa3	
 🧖‍♂️	&#x0;	U+1F9D60000200D000026420000FE0F	\xf0\x9f\xa7\x96\xe2\x80\x8d\xe2\x99\x82\xef\xb8\x8f	
 ▶	&#x25b6;	U+25B6	\xe2\x96\xb6	
 🇷🇼	&#x1f1f70001f1fc;	U+1F1F70001F1FC	\xf0\x9f\x87\xb7\xf0\x9f\x87\xbc	
 🇷🇺	&#x1f1f70001f1fa;	U+1F1F70001F1FA	\xf0\x9f\x87\xb7\xf0\x9f\x87\xba	
 🇷🇸	&#x1f1f70001f1f8;	U+1F1F70001F1F8	\xf0\x9f\x87\xb7\xf0\x9f\x87\xb8	
 🇷🇴	&#x1f1f70001f1f4;	U+1F1F70001F1F4	\xf0\x9f\x87\xb7\xf0\x9f\x87\xb4	
 🏳‍🌈	&#x200d00000000;	U+1F3F30000200D0001F308	\xf0\x9f\x8f\xb3\xe2\x80\x8d\xf0\x9f\x8c\x88	
 🇷🇪	&#x1f1f70001f1ea;	U+1F1F70001F1EA	\xf0\x9f\x87\xb7\xf0\x9f\x87\xaa	
 🚴‍♀	&#x200d00000000;	U+1F6B40000200D00002640	\xf0\x9f\x9a\xb4\xe2\x80\x8d\xe2\x99\x80	
 🇾🇹	&#x1f1fe0001f1f9;	U+1F1FE0001F1F9	\xf0\x9f\x87\xbe\xf0\x9f\x87\xb9	
 🇾🇪	&#x1f1fe0001f1ea;	U+1F1FE0001F1EA	\xf0\x9f\x87\xbe\xf0\x9f\x87\xaa	
 🧘‍♀️	&#x0;	U+1F9D80000200D000026400000FE0F	\xf0\x9f\xa7\x98\xe2\x80\x8d\xe2\x99\x80\xef\xb8\x8f	
 🏢	&#x1f3e2;	U+1F3E2	\xf0\x9f\x8f\xa2	
 🏣	&#x1f3e3;	U+1F3E3	\xf0\x9f\x8f\xa3	
 🏠	&#x1f3e0;	U+1F3E0	\xf0\x9f\x8f\xa0	
 🏡	&#x1f3e1;	U+1F3E1	\xf0\x9f\x8f\xa1	
 🏦	&#x1f3e6;	U+1F3E6	\xf0\x9f\x8f\xa6	
 🏧	&#x1f3e7;	U+1F3E7	\xf0\x9f\x8f\xa7	
 🏤	&#x1f3e4;	U+1F3E4	\xf0\x9f\x8f\xa4	
 🏥	&#x1f3e5;	U+1F3E5	\xf0\x9f\x8f\xa5	
 🏪	&#x1f3ea;	U+1F3EA	\xf0\x9f\x8f\xaa	
 🏫	&#x1f3eb;	U+1F3EB	\xf0\x9f\x8f\xab	
 🏨	&#x1f3e8;	U+1F3E8	\xf0\x9f\x8f\xa8	
 🏩	&#x1f3e9;	U+1F3E9	\xf0\x9f\x8f\xa9	
 🏮	&#x1f3ee;	U+1F3EE	\xf0\x9f\x8f\xae	
 🏯	&#x1f3ef;	U+1F3EF	\xf0\x9f\x8f\xaf	
 🏬	&#x1f3ec;	U+1F3EC	\xf0\x9f\x8f\xac	
 🏭	&#x1f3ed;	U+1F3ED	\xf0\x9f\x8f\xad	
 🏳	&#x1f3f3;	U+1F3F3	\xf0\x9f\x8f\xb3	
 🏰	&#x1f3f0;	U+1F3F0	\xf0\x9f\x8f\xb0	
 🏷	&#x1f3f7;	U+1F3F7	\xf0\x9f\x8f\xb7	
 🏴	&#x1f3f4;	U+1F3F4	\xf0\x9f\x8f\xb4	
 🏵	&#x1f3f5;	U+1F3F5	\xf0\x9f\x8f\xb5	
 🏺	&#x1f3fa;	U+1F3FA	\xf0\x9f\x8f\xba	
 🏸	&#x1f3f8;	U+1F3F8	\xf0\x9f\x8f\xb8	
 🏹	&#x1f3f9;	U+1F3F9	\xf0\x9f\x8f\xb9	
 🇨🇼	&#x1f1e80001f1fc;	U+1F1E80001F1FC	\xf0\x9f\x87\xa8\xf0\x9f\x87\xbc	
 🇨🇽	&#x1f1e80001f1fd;	U+1F1E80001F1FD	\xf0\x9f\x87\xa8\xf0\x9f\x87\xbd	
 🇨🇾	&#x1f1e80001f1fe;	U+1F1E80001F1FE	\xf0\x9f\x87\xa8\xf0\x9f\x87\xbe	
 🇨🇿	&#x1f1e80001f1ff;	U+1F1E80001F1FF	\xf0\x9f\x87\xa8\xf0\x9f\x87\xbf	
 🏆	&#x1f3c6;	U+1F3C6	\xf0\x9f\x8f\x86	
 🏇	&#x1f3c7;	U+1F3C7	\xf0\x9f\x8f\x87	
 🇨🇺	&#x1f1e80001f1fa;	U+1F1E80001F1FA	\xf0\x9f\x87\xa8\xf0\x9f\x87\xba	
 🇨🇻	&#x1f1e80001f1fb;	U+1F1E80001F1FB	\xf0\x9f\x87\xa8\xf0\x9f\x87\xbb	
 🏊	&#x1f3ca;	U+1F3CA	\xf0\x9f\x8f\x8a	
 🏋	&#x1f3cb;	U+1F3CB	\xf0\x9f\x8f\x8b	
 🏈	&#x1f3c8;	U+1F3C8	\xf0\x9f\x8f\x88	
 🇨🇷	&#x1f1e80001f1f7;	U+1F1E80001F1F7	\xf0\x9f\x87\xa8\xf0\x9f\x87\xb7	
 🏎	&#x1f3ce;	U+1F3CE	\xf0\x9f\x8f\x8e	
 🇨🇱	&#x1f1e80001f1f1;	U+1F1E80001F1F1	\xf0\x9f\x87\xa8\xf0\x9f\x87\xb1	
 🇨🇲	&#x1f1e80001f1f2;	U+1F1E80001F1F2	\xf0\x9f\x87\xa8\xf0\x9f\x87\xb2	
 🇨🇳	&#x1f1e80001f1f3;	U+1F1E80001F1F3	\xf0\x9f\x87\xa8\xf0\x9f\x87\xb3	
 🇨🇬	&#x1f1e80001f1ec;	U+1F1E80001F1EC	\xf0\x9f\x87\xa8\xf0\x9f\x87\xac	
 🇨🇭	&#x1f1e80001f1ed;	U+1F1E80001F1ED	\xf0\x9f\x87\xa8\xf0\x9f\x87\xad	
 🇨🇮	&#x1f1e80001f1ee;	U+1F1E80001F1EE	\xf0\x9f\x87\xa8\xf0\x9f\x87\xae	
 🏑	&#x1f3d1;	U+1F3D1	\xf0\x9f\x8f\x91	
 🏖	&#x1f3d6;	U+1F3D6	\xf0\x9f\x8f\x96	
 🇨🇩	&#x1f1e80001f1e9;	U+1F1E80001F1E9	\xf0\x9f\x87\xa8\xf0\x9f\x87\xa9	
 🏔	&#x1f3d4;	U+1F3D4	\xf0\x9f\x8f\x94	
 🇨🇫	&#x1f1e80001f1eb;	U+1F1E80001F1EB	\xf0\x9f\x87\xa8\xf0\x9f\x87\xab	
 🏚	&#x1f3da;	U+1F3DA	\xf0\x9f\x8f\x9a	
 🏛	&#x1f3db;	U+1F3DB	\xf0\x9f\x8f\x9b	
 🇨🇦	&#x1f1e80001f1e6;	U+1F1E80001F1E6	\xf0\x9f\x87\xa8\xf0\x9f\x87\xa6	
 🏙	&#x1f3d9;	U+1F3D9	\xf0\x9f\x8f\x99	
 🏞	&#x1f3de;	U+1F3DE	\xf0\x9f\x8f\x9e	
 🏟	&#x1f3df;	U+1F3DF	\xf0\x9f\x8f\x9f	
 🏜	&#x1f3dc;	U+1F3DC	\xf0\x9f\x8f\x9c	
 🏝	&#x1f3dd;	U+1F3DD	\xf0\x9f\x8f\x9d	
 📿	&#x1f4ff;	U+1F4FF	\xf0\x9f\x93\xbf	
 📼	&#x1f4fc;	U+1F4FC	\xf0\x9f\x93\xbc	
 📽	&#x1f4fd;	U+1F4FD	\xf0\x9f\x93\xbd	
 📺	&#x1f4fa;	U+1F4FA	\xf0\x9f\x93\xba	
 📻	&#x1f4fb;	U+1F4FB	\xf0\x9f\x93\xbb	
 📸	&#x1f4f8;	U+1F4F8	\xf0\x9f\x93\xb8	
 📹	&#x1f4f9;	U+1F4F9	\xf0\x9f\x93\xb9	
 📶	&#x1f4f6;	U+1F4F6	\xf0\x9f\x93\xb6	
 📷	&#x1f4f7;	U+1F4F7	\xf0\x9f\x93\xb7	
 ➡	&#x27a1;	U+27A1	\xe2\x9e\xa1	
 📵	&#x1f4f5;	U+1F4F5	\xf0\x9f\x93\xb5	
 📲	&#x1f4f2;	U+1F4F2	\xf0\x9f\x93\xb2	
 📳	&#x1f4f3;	U+1F4F3	\xf0\x9f\x93\xb3	
 📰	&#x1f4f0;	U+1F4F0	\xf0\x9f\x93\xb0	
 📱	&#x1f4f1;	U+1F4F1	\xf0\x9f\x93\xb1	
 📮	&#x1f4ee;	U+1F4EE	\xf0\x9f\x93\xae	
 📯	&#x1f4ef;	U+1F4EF	\xf0\x9f\x93\xaf	
 📬	&#x1f4ec;	U+1F4EC	\xf0\x9f\x93\xac	
 📭	&#x1f4ed;	U+1F4ED	\xf0\x9f\x93\xad	
 📪	&#x1f4ea;	U+1F4EA	\xf0\x9f\x93\xaa	
 📫	&#x1f4eb;	U+1F4EB	\xf0\x9f\x93\xab	
 📨	&#x1f4e8;	U+1F4E8	\xf0\x9f\x93\xa8	
 📩	&#x1f4e9;	U+1F4E9	\xf0\x9f\x93\xa9	
 📦	&#x1f4e6;	U+1F4E6	\xf0\x9f\x93\xa6	
 📧	&#x1f4e7;	U+1F4E7	\xf0\x9f\x93\xa7	
 📤	&#x1f4e4;	U+1F4E4	\xf0\x9f\x93\xa4	
 📥	&#x1f4e5;	U+1F4E5	\xf0\x9f\x93\xa5	
 📢	&#x1f4e2;	U+1F4E2	\xf0\x9f\x93\xa2	
 📣	&#x1f4e3;	U+1F4E3	\xf0\x9f\x93\xa3	
 📠	&#x1f4e0;	U+1F4E0	\xf0\x9f\x93\xa0	
 📡	&#x1f4e1;	U+1F4E1	\xf0\x9f\x93\xa1	
 📞	&#x1f4de;	U+1F4DE	\xf0\x9f\x93\x9e	
 📟	&#x1f4df;	U+1F4DF	\xf0\x9f\x93\x9f	
 📜	&#x1f4dc;	U+1F4DC	\xf0\x9f\x93\x9c	
 📝	&#x1f4dd;	U+1F4DD	\xf0\x9f\x93\x9d	
 📚	&#x1f4da;	U+1F4DA	\xf0\x9f\x93\x9a	
 📛	&#x1f4db;	U+1F4DB	\xf0\x9f\x93\x9b	
 📘	&#x1f4d8;	U+1F4D8	\xf0\x9f\x93\x98	
 📙	&#x1f4d9;	U+1F4D9	\xf0\x9f\x93\x99	
 📖	&#x1f4d6;	U+1F4D6	\xf0\x9f\x93\x96	
 📗	&#x1f4d7;	U+1F4D7	\xf0\x9f\x93\x97	
 📔	&#x1f4d4;	U+1F4D4	\xf0\x9f\x93\x94	
 📕	&#x1f4d5;	U+1F4D5	\xf0\x9f\x93\x95	
 📒	&#x1f4d2;	U+1F4D2	\xf0\x9f\x93\x92	
 📓	&#x1f4d3;	U+1F4D3	\xf0\x9f\x93\x93	
 📐	&#x1f4d0;	U+1F4D0	\xf0\x9f\x93\x90	
 📑	&#x1f4d1;	U+1F4D1	\xf0\x9f\x93\x91	
 📎	&#x1f4ce;	U+1F4CE	\xf0\x9f\x93\x8e	
 📏	&#x1f4cf;	U+1F4CF	\xf0\x9f\x93\x8f	
 📌	&#x1f4cc;	U+1F4CC	\xf0\x9f\x93\x8c	
 📍	&#x1f4cd;	U+1F4CD	\xf0\x9f\x93\x8d	
 📊	&#x1f4ca;	U+1F4CA	\xf0\x9f\x93\x8a	
 📋	&#x1f4cb;	U+1F4CB	\xf0\x9f\x93\x8b	
 📈	&#x1f4c8;	U+1F4C8	\xf0\x9f\x93\x88	
 📉	&#x1f4c9;	U+1F4C9	\xf0\x9f\x93\x89	
 📆	&#x1f4c6;	U+1F4C6	\xf0\x9f\x93\x86	
 📇	&#x1f4c7;	U+1F4C7	\xf0\x9f\x93\x87	
 📄	&#x1f4c4;	U+1F4C4	\xf0\x9f\x93\x84	
 📅	&#x1f4c5;	U+1F4C5	\xf0\x9f\x93\x85	
 ➗	&#x2797;	U+2797	\xe2\x9e\x97	
 📃	&#x1f4c3;	U+1F4C3	\xf0\x9f\x93\x83	
 ➕	&#x2795;	U+2795	\xe2\x9e\x95	
 📁	&#x1f4c1;	U+1F4C1	\xf0\x9f\x93\x81	
 ✌	&#x270c;	U+270C	\xe2\x9c\x8c	
 ⌨	&#x2328;	U+2328	\xe2\x8c\xa8	
 ⌛	&#x231b;	U+231B	\xe2\x8c\x9b	
 ⌚	&#x231a;	U+231A	\xe2\x8c\x9a	
 🇮🇩	&#x1f1ee0001f1e9;	U+1F1EE0001F1E9	\xf0\x9f\x87\xae\xf0\x9f\x87\xa9	
 🇮🇶	&#x1f1ee0001f1f6;	U+1F1EE0001F1F6	\xf0\x9f\x87\xae\xf0\x9f\x87\xb6	
 👩‍👦‍👦	&#x0;	U+1F4690000200D0001F4660000200D0001F466	\xf0\x9f\x91\xa9\xe2\x80\x8d\xf0\x9f\x91\xa6\xe2\x80\x8d\xf0\x9f\x91\xa6	
 🧗‍♀️	&#x0;	U+1F9D70000200D000026400000FE0F	\xf0\x9f\xa7\x97\xe2\x80\x8d\xe2\x99\x80\xef\xb8\x8f	
 🔧	&#x1f527;	U+1F527	\xf0\x9f\x94\xa7	
 🔦	&#x1f526;	U+1F526	\xf0\x9f\x94\xa6	
 1⃣	&#x31000020e3;	U+31000020E3	\x31\xe2\x83\xa3	
 🔽	&#x1f53d;	U+1F53D	\xf0\x9f\x94\xbd	
 🔼	&#x1f53c;	U+1F53C	\xf0\x9f\x94\xbc	
 👨‍👧‍👧	&#x0;	U+1F4680000200D0001F4670000200D0001F467	\xf0\x9f\x91\xa8\xe2\x80\x8d\xf0\x9f\x91\xa7\xe2\x80\x8d\xf0\x9f\x91\xa7	
 👨‍👧‍👦	&#x0;	U+1F4680000200D0001F4670000200D0001F466	\xf0\x9f\x91\xa8\xe2\x80\x8d\xf0\x9f\x91\xa7\xe2\x80\x8d\xf0\x9f\x91\xa6	
 🔏	&#x1f50f;	U+1F50F	\xf0\x9f\x94\x8f	
 🔎	&#x1f50e;	U+1F50E	\xf0\x9f\x94\x8e	
 🔍	&#x1f50d;	U+1F50D	\xf0\x9f\x94\x8d	
 🔋	&#x1f50b;	U+1F50B	\xf0\x9f\x94\x8b	
 🔊	&#x1f50a;	U+1F50A	\xf0\x9f\x94\x8a	
 🔉	&#x1f509;	U+1F509	\xf0\x9f\x94\x89	
 🔞	&#x1f51e;	U+1F51E	\xf0\x9f\x94\x9e	
 🇹🇿	&#x1f1f90001f1ff;	U+1F1F90001F1FF	\xf0\x9f\x87\xb9\xf0\x9f\x87\xbf	
 🇹🇹	&#x1f1f90001f1f9;	U+1F1F90001F1F9	\xf0\x9f\x87\xb9\xf0\x9f\x87\xb9	
 💹	&#x1f4b9;	U+1F4B9	\xf0\x9f\x92\xb9	
 💸	&#x1f4b8;	U+1F4B8	\xf0\x9f\x92\xb8	
 💻	&#x1f4bb;	U+1F4BB	\xf0\x9f\x92\xbb	
 💺	&#x1f4ba;	U+1F4BA	\xf0\x9f\x92\xba	
 💽	&#x1f4bd;	U+1F4BD	\xf0\x9f\x92\xbd	
 💼	&#x1f4bc;	U+1F4BC	\xf0\x9f\x92\xbc	
 💿	&#x1f4bf;	U+1F4BF	\xf0\x9f\x92\xbf	
 💾	&#x1f4be;	U+1F4BE	\xf0\x9f\x92\xbe	
 💱	&#x1f4b1;	U+1F4B1	\xf0\x9f\x92\xb1	
 💰	&#x1f4b0;	U+1F4B0	\xf0\x9f\x92\xb0	
 💳	&#x1f4b3;	U+1F4B3	\xf0\x9f\x92\xb3	
 🇫🇰	&#x1f1eb0001f1f0;	U+1F1EB0001F1F0	\xf0\x9f\x87\xab\xf0\x9f\x87\xb0	
 🇫🇷	&#x1f1eb0001f1f7;	U+1F1EB0001F1F7	\xf0\x9f\x87\xab\xf0\x9f\x87\xb7	
 💴	&#x1f4b4;	U+1F4B4	\xf0\x9f\x92\xb4	
 💷	&#x1f4b7;	U+1F4B7	\xf0\x9f\x92\xb7	
 💶	&#x1f4b6;	U+1F4B6	\xf0\x9f\x92\xb6	
 👩‍🏭	&#x200d00000000;	U+1F4690000200D0001F3ED	\xf0\x9f\x91\xa9\xe2\x80\x8d\xf0\x9f\x8f\xad	
 💨	&#x1f4a8;	U+1F4A8	\xf0\x9f\x92\xa8	
 💫	&#x1f4ab;	U+1F4AB	\xf0\x9f\x92\xab	
 💪	&#x1f4aa;	U+1F4AA	\xf0\x9f\x92\xaa	
 💭	&#x1f4ad;	U+1F4AD	\xf0\x9f\x92\xad	
 🇫🇮	&#x1f1eb0001f1ee;	U+1F1EB0001F1EE	\xf0\x9f\x87\xab\xf0\x9f\x87\xae	
 👩‍🏫	&#x200d00000000;	U+1F4690000200D0001F3EB	\xf0\x9f\x91\xa9\xe2\x80\x8d\xf0\x9f\x8f\xab	
 💮	&#x1f4ae;	U+1F4AE	\xf0\x9f\x92\xae	
 💡	&#x1f4a1;	U+1F4A1	\xf0\x9f\x92\xa1	
 💠	&#x1f4a0;	U+1F4A0	\xf0\x9f\x92\xa0	
 💣	&#x1f4a3;	U+1F4A3	\xf0\x9f\x92\xa3	
 💢	&#x1f4a2;	U+1F4A2	\xf0\x9f\x92\xa2	
 💥	&#x1f4a5;	U+1F4A5	\xf0\x9f\x92\xa5	
 💤	&#x1f4a4;	U+1F4A4	\xf0\x9f\x92\xa4	
 💧	&#x1f4a7;	U+1F4A7	\xf0\x9f\x92\xa7	
 💦	&#x1f4a6;	U+1F4A6	\xf0\x9f\x92\xa6	
 💙	&#x1f499;	U+1F499	\xf0\x9f\x92\x99	
 💘	&#x1f498;	U+1F498	\xf0\x9f\x92\x98	
 💛	&#x1f49b;	U+1F49B	\xf0\x9f\x92\x9b	
 💚	&#x1f49a;	U+1F49A	\xf0\x9f\x92\x9a	
 💝	&#x1f49d;	U+1F49D	\xf0\x9f\x92\x9d	
 💜	&#x1f49c;	U+1F49C	\xf0\x9f\x92\x9c	
 💟	&#x1f49f;	U+1F49F	\xf0\x9f\x92\x9f	
 💞	&#x1f49e;	U+1F49E	\xf0\x9f\x92\x9e	
 💑	&#x1f491;	U+1F491	\xf0\x9f\x92\x91	
 💐	&#x1f490;	U+1F490	\xf0\x9f\x92\x90	
 💓	&#x1f493;	U+1F493	\xf0\x9f\x92\x93	
 💒	&#x1f492;	U+1F492	\xf0\x9f\x92\x92	
 💕	&#x1f495;	U+1F495	\xf0\x9f\x92\x95	
 💔	&#x1f494;	U+1F494	\xf0\x9f\x92\x94	
 💗	&#x1f497;	U+1F497	\xf0\x9f\x92\x97	
 💖	&#x1f496;	U+1F496	\xf0\x9f\x92\x96	
 💉	&#x1f489;	U+1F489	\xf0\x9f\x92\x89	
 💈	&#x1f488;	U+1F488	\xf0\x9f\x92\x88	
 💋	&#x1f48b;	U+1F48B	\xf0\x9f\x92\x8b	
 💊	&#x1f48a;	U+1F48A	\xf0\x9f\x92\x8a	
 💍	&#x1f48d;	U+1F48D	\xf0\x9f\x92\x8d	
 💌	&#x1f48c;	U+1F48C	\xf0\x9f\x92\x8c	
 💏	&#x1f48f;	U+1F48F	\xf0\x9f\x92\x8f	
 💎	&#x1f48e;	U+1F48E	\xf0\x9f\x92\x8e	
 💁	&#x1f481;	U+1F481	\xf0\x9f\x92\x81	
 💀	&#x1f480;	U+1F480	\xf0\x9f\x92\x80	
 💃	&#x1f483;	U+1F483	\xf0\x9f\x92\x83	
 💂	&#x1f482;	U+1F482	\xf0\x9f\x92\x82	
 💅	&#x1f485;	U+1F485	\xf0\x9f\x92\x85	
 💄	&#x1f484;	U+1F484	\xf0\x9f\x92\x84	
 💇	&#x1f487;	U+1F487	\xf0\x9f\x92\x87	
 💆	&#x1f486;	U+1F486	\xf0\x9f\x92\x86	
 🤾‍♂	&#x200d00000000;	U+1F93E0000200D00002642	\xf0\x9f\xa4\xbe\xe2\x80\x8d\xe2\x99\x82	
 🤾‍♀	&#x200d00000000;	U+1F93E0000200D00002640	\xf0\x9f\xa4\xbe\xe2\x80\x8d\xe2\x99\x80	
 👨‍👨‍👦	&#x0;	U+1F4680000200D0001F4680000200D0001F466	\xf0\x9f\x91\xa8\xe2\x80\x8d\xf0\x9f\x91\xa8\xe2\x80\x8d\xf0\x9f\x91\xa6	
 👨‍👨‍👧	&#x0;	U+1F4680000200D0001F4680000200D0001F467	\xf0\x9f\x91\xa8\xe2\x80\x8d\xf0\x9f\x91\xa8\xe2\x80\x8d\xf0\x9f\x91\xa7	
 🎭	&#x1f3ad;	U+1F3AD	\xf0\x9f\x8e\xad	
 🎬	&#x1f3ac;	U+1F3AC	\xf0\x9f\x8e\xac	
 🎯	&#x1f3af;	U+1F3AF	\xf0\x9f\x8e\xaf	
 🎮	&#x1f3ae;	U+1F3AE	\xf0\x9f\x8e\xae	
 🎩	&#x1f3a9;	U+1F3A9	\xf0\x9f\x8e\xa9	
 🎨	&#x1f3a8;	U+1F3A8	\xf0\x9f\x8e\xa8	
 🎫	&#x1f3ab;	U+1F3AB	\xf0\x9f\x8e\xab	
 🎪	&#x1f3aa;	U+1F3AA	\xf0\x9f\x8e\xaa	
 🎥	&#x1f3a5;	U+1F3A5	\xf0\x9f\x8e\xa5	
 🎤	&#x1f3a4;	U+1F3A4	\xf0\x9f\x8e\xa4	
 🎧	&#x1f3a7;	U+1F3A7	\xf0\x9f\x8e\xa7	
 🎦	&#x1f3a6;	U+1F3A6	\xf0\x9f\x8e\xa6	
 🎡	&#x1f3a1;	U+1F3A1	\xf0\x9f\x8e\xa1	
 🎠	&#x1f3a0;	U+1F3A0	\xf0\x9f\x8e\xa0	
 🎣	&#x1f3a3;	U+1F3A3	\xf0\x9f\x8e\xa3	
 🎢	&#x1f3a2;	U+1F3A2	\xf0\x9f\x8e\xa2	
 🎽	&#x1f3bd;	U+1F3BD	\xf0\x9f\x8e\xbd	
 🎼	&#x1f3bc;	U+1F3BC	\xf0\x9f\x8e\xbc	
 🎿	&#x1f3bf;	U+1F3BF	\xf0\x9f\x8e\xbf	
 🎾	&#x1f3be;	U+1F3BE	\xf0\x9f\x8e\xbe	
 🎹	&#x1f3b9;	U+1F3B9	\xf0\x9f\x8e\xb9	
 🎸	&#x1f3b8;	U+1F3B8	\xf0\x9f\x8e\xb8	
 🎻	&#x1f3bb;	U+1F3BB	\xf0\x9f\x8e\xbb	
 🎺	&#x1f3ba;	U+1F3BA	\xf0\x9f\x8e\xba	
 🎵	&#x1f3b5;	U+1F3B5	\xf0\x9f\x8e\xb5	
 🎴	&#x1f3b4;	U+1F3B4	\xf0\x9f\x8e\xb4	
 🎷	&#x1f3b7;	U+1F3B7	\xf0\x9f\x8e\xb7	
 🎶	&#x1f3b6;	U+1F3B6	\xf0\x9f\x8e\xb6	
 🎱	&#x1f3b1;	U+1F3B1	\xf0\x9f\x8e\xb1	
 🎰	&#x1f3b0;	U+1F3B0	\xf0\x9f\x8e\xb0	
 🎳	&#x1f3b3;	U+1F3B3	\xf0\x9f\x8e\xb3	
 🎲	&#x1f3b2;	U+1F3B2	\xf0\x9f\x8e\xb2	
 🎍	&#x1f38d;	U+1F38D	\xf0\x9f\x8e\x8d	
 🎌	&#x1f38c;	U+1F38C	\xf0\x9f\x8e\x8c	
 🎏	&#x1f38f;	U+1F38F	\xf0\x9f\x8e\x8f	
 🎎	&#x1f38e;	U+1F38E	\xf0\x9f\x8e\x8e	
 🎉	&#x1f389;	U+1F389	\xf0\x9f\x8e\x89	
 🎈	&#x1f388;	U+1F388	\xf0\x9f\x8e\x88	
 🎋	&#x1f38b;	U+1F38B	\xf0\x9f\x8e\x8b	
 🎊	&#x1f38a;	U+1F38A	\xf0\x9f\x8e\x8a	
 🎅	&#x1f385;	U+1F385	\xf0\x9f\x8e\x85	
 🎄	&#x1f384;	U+1F384	\xf0\x9f\x8e\x84	
 🎇	&#x1f387;	U+1F387	\xf0\x9f\x8e\x87	
 🎆	&#x1f386;	U+1F386	\xf0\x9f\x8e\x86	
 🎁	&#x1f381;	U+1F381	\xf0\x9f\x8e\x81	
 🎀	&#x1f380;	U+1F380	\xf0\x9f\x8e\x80	
 🎃	&#x1f383;	U+1F383	\xf0\x9f\x8e\x83	
 🎂	&#x1f382;	U+1F382	\xf0\x9f\x8e\x82	
 🎟	&#x1f39f;	U+1F39F	\xf0\x9f\x8e\x9f	
 🎞	&#x1f39e;	U+1F39E	\xf0\x9f\x8e\x9e	
 🎙	&#x1f399;	U+1F399	\xf0\x9f\x8e\x99	
 🎛	&#x1f39b;	U+1F39B	\xf0\x9f\x8e\x9b	
 🎚	&#x1f39a;	U+1F39A	\xf0\x9f\x8e\x9a	
 🎗	&#x1f397;	U+1F397	\xf0\x9f\x8e\x97	
 🎖	&#x1f396;	U+1F396	\xf0\x9f\x8e\x96	
 🎑	&#x1f391;	U+1F391	\xf0\x9f\x8e\x91	
 🎐	&#x1f390;	U+1F390	\xf0\x9f\x8e\x90	
 🎓	&#x1f393;	U+1F393	\xf0\x9f\x8e\x93	
 🎒	&#x1f392;	U+1F392	\xf0\x9f\x8e\x92	
 🧙‍♂️	&#x0;	U+1F9D90000200D000026420000FE0F	\xf0\x9f\xa7\x99\xe2\x80\x8d\xe2\x99\x82\xef\xb8\x8f	
 ✨	&#x2728;	U+2728	\xe2\x9c\xa8	
 👨‍👨‍👦‍👦	&#x0;	U+1F4680000200D0001F4680000200D0001F4660000200D0001F466	\xf0\x9f\x91\xa8\xe2\x80\x8d\xf0\x9f\x91\xa8\xe2\x80\x8d\xf0\x9f\x91\xa6\xe2\x80\x8d\xf0\x9f\x91\xa6	
 ✡	&#x2721;	U+2721	\xe2\x9c\xa1	
 👩‍🎤	&#x200d00000000;	U+1F4690000200D0001F3A4	\xf0\x9f\x91\xa9\xe2\x80\x8d\xf0\x9f\x8e\xa4	
 ✴	&#x2734;	U+2734	\xe2\x9c\xb4	
 👩‍🎨	&#x200d00000000;	U+1F4690000200D0001F3A8	\xf0\x9f\x91\xa9\xe2\x80\x8d\xf0\x9f\x8e\xa8	
 ✳	&#x2733;	U+2733	\xe2\x9c\xb3	
 ✍	&#x270d;	U+270D	\xe2\x9c\x8d	
 👩‍🎓	&#x200d00000000;	U+1F4690000200D0001F393	\xf0\x9f\x91\xa9\xe2\x80\x8d\xf0\x9f\x8e\x93	
 ✏	&#x270f;	U+270F	\xe2\x9c\x8f	
 ✉	&#x2709;	U+2709	\xe2\x9c\x89	
 ✈	&#x2708;	U+2708	\xe2\x9c\x88	
 ✋	&#x270b;	U+270B	\xe2\x9c\x8b	
 ✊	&#x270a;	U+270A	\xe2\x9c\x8a	
 ✅	&#x2705;	U+2705	\xe2\x9c\x85	
 👩‍🔧	&#x200d00000000;	U+1F4690000200D0001F527	\xf0\x9f\x91\xa9\xe2\x80\x8d\xf0\x9f\x94\xa7	
 ✂	&#x2702;	U+2702	\xe2\x9c\x82	
 ✝	&#x271d;	U+271D	\xe2\x9c\x9d	
 ✔	&#x2714;	U+2714	\xe2\x9c\x94	
 ✖	&#x2716;	U+2716	\xe2\x9c\x96	
 ✒	&#x2712;	U+2712	\xe2\x9c\x92	
 👨‍👨‍👧‍👧	&#x0;	U+1F4680000200D0001F4680000200D0001F4670000200D0001F467	\xf0\x9f\x91\xa8\xe2\x80\x8d\xf0\x9f\x91\xa8\xe2\x80\x8d\xf0\x9f\x91\xa7\xe2\x80\x8d\xf0\x9f\x91\xa7	
 👨‍👨‍👧‍👦	&#x0;	U+1F4680000200D0001F4680000200D0001F4670000200D0001F466	\xf0\x9f\x91\xa8\xe2\x80\x8d\xf0\x9f\x91\xa8\xe2\x80\x8d\xf0\x9f\x91\xa7\xe2\x80\x8d\xf0\x9f\x91\xa6	
 👁‍🗨	&#x200d00000000;	U+1F4410000200D0001F5E8	\xf0\x9f\x91\x81\xe2\x80\x8d\xf0\x9f\x97\xa8	
 🧲	&#x1f9f2;	U+1F9F2	\xf0\x9f\xa7\xb2	
 🧚‍♂️	&#x0;	U+1F9DA0000200D000026420000FE0F	\xf0\x9f\xa7\x9a\xe2\x80\x8d\xe2\x99\x82\xef\xb8\x8f	
 🧳	&#x1f9f3;	U+1F9F3	\xf0\x9f\xa7\xb3	
 🇦🇱	&#x1f1e60001f1f1;	U+1F1E60001F1F1	\xf0\x9f\x87\xa6\xf0\x9f\x87\xb1	
 📂	&#x1f4c2;	U+1F4C2	\xf0\x9f\x93\x82	
 2⃣	&#x32000020e3;	U+32000020E3	\x32\xe2\x83\xa3	
 🧜‍♂️	&#x0;	U+1F9DC0000200D000026420000FE0F	\xf0\x9f\xa7\x9c\xe2\x80\x8d\xe2\x99\x82\xef\xb8\x8f	
 📀	&#x1f4c0;	U+1F4C0	\xf0\x9f\x93\x80	
 🇹🇴	&#x1f1f90001f1f4;	U+1F1F90001F1F4	\xf0\x9f\x87\xb9\xf0\x9f\x87\xb4	
 🇻🇪	&#x1f1fb0001f1ea;	U+1F1FB0001F1EA	\xf0\x9f\x87\xbb\xf0\x9f\x87\xaa	
 🇻🇨	&#x1f1fb0001f1e8;	U+1F1FB0001F1E8	\xf0\x9f\x87\xbb\xf0\x9f\x87\xa8	
 🇻🇮	&#x1f1fb0001f1ee;	U+1F1FB0001F1EE	\xf0\x9f\x87\xbb\xf0\x9f\x87\xae	
 🇻🇬	&#x1f1fb0001f1ec;	U+1F1FB0001F1EC	\xf0\x9f\x87\xbb\xf0\x9f\x87\xac	
 🇻🇦	&#x1f1fb0001f1e6;	U+1F1FB0001F1E6	\xf0\x9f\x87\xbb\xf0\x9f\x87\xa6	
 🇻🇺	&#x1f1fb0001f1fa;	U+1F1FB0001F1FA	\xf0\x9f\x87\xbb\xf0\x9f\x87\xba	
 🇻🇳	&#x1f1fb0001f1f3;	U+1F1FB0001F1F3	\xf0\x9f\x87\xbb\xf0\x9f\x87\xb3	
 🉐	&#x1f250;	U+1F250	\xf0\x9f\x89\x90	
 🉑	&#x1f251;	U+1F251	\xf0\x9f\x89\x91	
 ❣	&#x2763;	U+2763	\xe2\x9d\xa3	
 ❤	&#x2764;	U+2764	\xe2\x9d\xa4	
 ❓	&#x2753;	U+2753	\xe2\x9d\x93	
 ❗	&#x2757;	U+2757	\xe2\x9d\x97	
 ❔	&#x2754;	U+2754	\xe2\x9d\x94	
 ❕	&#x2755;	U+2755	\xe2\x9d\x95	
 ❇	&#x2747;	U+2747	\xe2\x9d\x87	
 ❄	&#x2744;	U+2744	\xe2\x9d\x84	
 🏋‍♀	&#x200d00000000;	U+1F3CB0000200D00002640	\xf0\x9f\x8f\x8b\xe2\x80\x8d\xe2\x99\x80	
 ❎	&#x274e;	U+274E	\xe2\x9d\x8e	
 ❌	&#x274c;	U+274C	\xe2\x9d\x8c	
 🥜	&#x1f95c;	U+1F95C	\xf0\x9f\xa5\x9c	
 🥝	&#x1f95d;	U+1F95D	\xf0\x9f\xa5\x9d	
 🥞	&#x1f95e;	U+1F95E	\xf0\x9f\xa5\x9e	
 🥟	&#x1f95f;	U+1F95F	\xf0\x9f\xa5\x9f	
 🥘	&#x1f958;	U+1F958	\xf0\x9f\xa5\x98	
 🥙	&#x1f959;	U+1F959	\xf0\x9f\xa5\x99	
 🥚	&#x1f95a;	U+1F95A	\xf0\x9f\xa5\x9a	
 🥛	&#x1f95b;	U+1F95B	\xf0\x9f\xa5\x9b	
 🥔	&#x1f954;	U+1F954	\xf0\x9f\xa5\x94	
 🥕	&#x1f955;	U+1F955	\xf0\x9f\xa5\x95	
 🥖	&#x1f956;	U+1F956	\xf0\x9f\xa5\x96	
 🥗	&#x1f957;	U+1F957	\xf0\x9f\xa5\x97	
 🥐	&#x1f950;	U+1F950	\xf0\x9f\xa5\x90	
 🥑	&#x1f951;	U+1F951	\xf0\x9f\xa5\x91	
 🥒	&#x1f952;	U+1F952	\xf0\x9f\xa5\x92	
 🥓	&#x1f953;	U+1F953	\xf0\x9f\xa5\x93	
 🥌	&#x1f94c;	U+1F94C	\xf0\x9f\xa5\x8c	
 🥍	&#x1f94d;	U+1F94D	\xf0\x9f\xa5\x8d	
 🥎	&#x1f94e;	U+1F94E	\xf0\x9f\xa5\x8e	
 🥏	&#x1f94f;	U+1F94F	\xf0\x9f\xa5\x8f	
 🥈	&#x1f948;	U+1F948	\xf0\x9f\xa5\x88	
 🥉	&#x1f949;	U+1F949	\xf0\x9f\xa5\x89	
 🥊	&#x1f94a;	U+1F94A	\xf0\x9f\xa5\x8a	
 🥋	&#x1f94b;	U+1F94B	\xf0\x9f\xa5\x8b	
 🥄	&#x1f944;	U+1F944	\xf0\x9f\xa5\x84	
 🥅	&#x1f945;	U+1F945	\xf0\x9f\xa5\x85	
 🥇	&#x1f947;	U+1F947	\xf0\x9f\xa5\x87	
 🥀	&#x1f940;	U+1F940	\xf0\x9f\xa5\x80	
 🥁	&#x1f941;	U+1F941	\xf0\x9f\xa5\x81	
 🥂	&#x1f942;	U+1F942	\xf0\x9f\xa5\x82	
 🥃	&#x1f943;	U+1F943	\xf0\x9f\xa5\x83	
 🥼	&#x1f97c;	U+1F97C	\xf0\x9f\xa5\xbc	
 🥽	&#x1f97d;	U+1F97D	\xf0\x9f\xa5\xbd	
 🥾	&#x1f97e;	U+1F97E	\xf0\x9f\xa5\xbe	
 🥿	&#x1f97f;	U+1F97F	\xf0\x9f\xa5\xbf	
 🥺	&#x1f97a;	U+1F97A	\xf0\x9f\xa5\xba	
 🥴	&#x1f974;	U+1F974	\xf0\x9f\xa5\xb4	
 🥵	&#x1f975;	U+1F975	\xf0\x9f\xa5\xb5	
 🥶	&#x1f976;	U+1F976	\xf0\x9f\xa5\xb6	
 🥰	&#x1f970;	U+1F970	\xf0\x9f\xa5\xb0	
 🥳	&#x1f973;	U+1F973	\xf0\x9f\xa5\xb3	
 ⤵	&#x2935;	U+2935	\xe2\xa4\xb5	
 ⤴	&#x2934;	U+2934	\xe2\xa4\xb4	
 🥮	&#x1f96e;	U+1F96E	\xf0\x9f\xa5\xae	
 🥯	&#x1f96f;	U+1F96F	\xf0\x9f\xa5\xaf	
 🥨	&#x1f968;	U+1F968	\xf0\x9f\xa5\xa8	
 🥩	&#x1f969;	U+1F969	\xf0\x9f\xa5\xa9	
 🥪	&#x1f96a;	U+1F96A	\xf0\x9f\xa5\xaa	
 🥫	&#x1f96b;	U+1F96B	\xf0\x9f\xa5\xab	
 🥤	&#x1f964;	U+1F964	\xf0\x9f\xa5\xa4	
 🥥	&#x1f965;	U+1F965	\xf0\x9f\xa5\xa5	
 🥦	&#x1f966;	U+1F966	\xf0\x9f\xa5\xa6	
 🥧	&#x1f967;	U+1F967	\xf0\x9f\xa5\xa7	
 🏄‍♀	&#x200d00000000;	U+1F3C40000200D00002640	\xf0\x9f\x8f\x84\xe2\x80\x8d\xe2\x99\x80	
 🥡	&#x1f961;	U+1F961	\xf0\x9f\xa5\xa1	
 🥢	&#x1f962;	U+1F962	\xf0\x9f\xa5\xa2	
 🥣	&#x1f963;	U+1F963	\xf0\x9f\xa5\xa3	
 🈯	&#x1f22f;	U+1F22F	\xf0\x9f\x88\xaf	
 🈺	&#x1f23a;	U+1F23A	\xf0\x9f\x88\xba	
 🈹	&#x1f239;	U+1F239	\xf0\x9f\x88\xb9	
 🈸	&#x1f238;	U+1F238	\xf0\x9f\x88\xb8	
 🈳	&#x1f233;	U+1F233	\xf0\x9f\x88\xb3	
 🈲	&#x1f232;	U+1F232	\xf0\x9f\x88\xb2	
 🈷	&#x1f237;	U+1F237	\xf0\x9f\x88\xb7	
 🈶	&#x1f236;	U+1F236	\xf0\x9f\x88\xb6	
 🈵	&#x1f235;	U+1F235	\xf0\x9f\x88\xb5	
 🈴	&#x1f234;	U+1F234	\xf0\x9f\x88\xb4	
 🈂	&#x1f202;	U+1F202	\xf0\x9f\x88\x82	
 🈁	&#x1f201;	U+1F201	\xf0\x9f\x88\x81	
 🈚	&#x1f21a;	U+1F21A	\xf0\x9f\x88\x9a	
 🏊‍♀	&#x200d00000000;	U+1F3CA0000200D00002640	\xf0\x9f\x8f\x8a\xe2\x80\x8d\xe2\x99\x80	
 👨‍👦	&#x200d00000000;	U+1F4680000200D0001F466	\xf0\x9f\x91\xa8\xe2\x80\x8d\xf0\x9f\x91\xa6	
 👨‍👧	&#x200d00000000;	U+1F4680000200D0001F467	\xf0\x9f\x91\xa8\xe2\x80\x8d\xf0\x9f\x91\xa7	
 👨‍💼	&#x200d00000000;	U+1F4680000200D0001F4BC	\xf0\x9f\x91\xa8\xe2\x80\x8d\xf0\x9f\x92\xbc	
 9⃣	&#x39000020e3;	U+39000020E3	\x39\xe2\x83\xa3	
 ㊙	&#x3299;	U+3299	\xe3\x8a\x99	
 ㊗	&#x3297;	U+3297	\xe3\x8a\x97	
 🇲🇦	&#x1f1f20001f1e6;	U+1F1F20001F1E6	\xf0\x9f\x87\xb2\xf0\x9f\x87\xa6	
 🇲🇪	&#x1f1f20001f1ea;	U+1F1F20001F1EA	\xf0\x9f\x87\xb2\xf0\x9f\x87\xaa	
 🇲🇨	&#x1f1f20001f1e8;	U+1F1F20001F1E8	\xf0\x9f\x87\xb2\xf0\x9f\x87\xa8	
 🇲🇩	&#x1f1f20001f1e9;	U+1F1F20001F1E9	\xf0\x9f\x87\xb2\xf0\x9f\x87\xa9	
 🇲🇬	&#x1f1f20001f1ec;	U+1F1F20001F1EC	\xf0\x9f\x87\xb2\xf0\x9f\x87\xac	
 🇲🇭	&#x1f1f20001f1ed;	U+1F1F20001F1ED	\xf0\x9f\x87\xb2\xf0\x9f\x87\xad	
 🇲🇲	&#x1f1f20001f1f2;	U+1F1F20001F1F2	\xf0\x9f\x87\xb2\xf0\x9f\x87\xb2	
 🇲🇳	&#x1f1f20001f1f3;	U+1F1F20001F1F3	\xf0\x9f\x87\xb2\xf0\x9f\x87\xb3	
 🇲🇰	&#x1f1f20001f1f0;	U+1F1F20001F1F0	\xf0\x9f\x87\xb2\xf0\x9f\x87\xb0	
 🇲🇱	&#x1f1f20001f1f1;	U+1F1F20001F1F1	\xf0\x9f\x87\xb2\xf0\x9f\x87\xb1	
 🇲🇶	&#x1f1f20001f1f6;	U+1F1F20001F1F6	\xf0\x9f\x87\xb2\xf0\x9f\x87\xb6	
 🇲🇷	&#x1f1f20001f1f7;	U+1F1F20001F1F7	\xf0\x9f\x87\xb2\xf0\x9f\x87\xb7	
 🇲🇴	&#x1f1f20001f1f4;	U+1F1F20001F1F4	\xf0\x9f\x87\xb2\xf0\x9f\x87\xb4	
 🇲🇵	&#x1f1f20001f1f5;	U+1F1F20001F1F5	\xf0\x9f\x87\xb2\xf0\x9f\x87\xb5	
 🇲🇺	&#x1f1f20001f1fa;	U+1F1F20001F1FA	\xf0\x9f\x87\xb2\xf0\x9f\x87\xba	
 🇲🇻	&#x1f1f20001f1fb;	U+1F1F20001F1FB	\xf0\x9f\x87\xb2\xf0\x9f\x87\xbb	
 🇲🇸	&#x1f1f20001f1f8;	U+1F1F20001F1F8	\xf0\x9f\x87\xb2\xf0\x9f\x87\xb8	
 🇲🇹	&#x1f1f20001f1f9;	U+1F1F20001F1F9	\xf0\x9f\x87\xb2\xf0\x9f\x87\xb9	
 🇲🇾	&#x1f1f20001f1fe;	U+1F1F20001F1FE	\xf0\x9f\x87\xb2\xf0\x9f\x87\xbe	
 🇲🇿	&#x1f1f20001f1ff;	U+1F1F20001F1FF	\xf0\x9f\x87\xb2\xf0\x9f\x87\xbf	
 🇲🇼	&#x1f1f20001f1fc;	U+1F1F20001F1FC	\xf0\x9f\x87\xb2\xf0\x9f\x87\xbc	
 🇲🇽	&#x1f1f20001f1fd;	U+1F1F20001F1FD	\xf0\x9f\x87\xb2\xf0\x9f\x87\xbd	
 🤟	&#x1f91f;	U+1F91F	\xf0\x9f\xa4\x9f	
 🤞	&#x1f91e;	U+1F91E	\xf0\x9f\xa4\x9e	
 🤝	&#x1f91d;	U+1F91D	\xf0\x9f\xa4\x9d	
 🤜	&#x1f91c;	U+1F91C	\xf0\x9f\xa4\x9c	
 🤛	&#x1f91b;	U+1F91B	\xf0\x9f\xa4\x9b	
 🤚	&#x1f91a;	U+1F91A	\xf0\x9f\xa4\x9a	
 🤙	&#x1f919;	U+1F919	\xf0\x9f\xa4\x99	
 🤘	&#x1f918;	U+1F918	\xf0\x9f\xa4\x98	
 🤗	&#x1f917;	U+1F917	\xf0\x9f\xa4\x97	
 🤖	&#x1f916;	U+1F916	\xf0\x9f\xa4\x96	
 🤕	&#x1f915;	U+1F915	\xf0\x9f\xa4\x95	
 🤔	&#x1f914;	U+1F914	\xf0\x9f\xa4\x94	
 🤓	&#x1f913;	U+1F913	\xf0\x9f\xa4\x93	
 🤒	&#x1f912;	U+1F912	\xf0\x9f\xa4\x92	
 🤑	&#x1f911;	U+1F911	\xf0\x9f\xa4\x91	
 🤐	&#x1f910;	U+1F910	\xf0\x9f\xa4\x90	
 🤺	&#x1f93a;	U+1F93A	\xf0\x9f\xa4\xba	
 🐆	&#x1f406;	U+1F406	\xf0\x9f\x90\x86	
 🤶	&#x1f936;	U+1F936	\xf0\x9f\xa4\xb6	
 🤵	&#x1f935;	U+1F935	\xf0\x9f\xa4\xb5	
 🤴	&#x1f934;	U+1F934	\xf0\x9f\xa4\xb4	
 🤳	&#x1f933;	U+1F933	\xf0\x9f\xa4\xb3	
 🤲	&#x1f932;	U+1F932	\xf0\x9f\xa4\xb2	
 🤱	&#x1f931;	U+1F931	\xf0\x9f\xa4\xb1	
 🤰	&#x1f930;	U+1F930	\xf0\x9f\xa4\xb0	
 🤯	&#x1f92f;	U+1F92F	\xf0\x9f\xa4\xaf	
 🤮	&#x1f92e;	U+1F92E	\xf0\x9f\xa4\xae	
 🤭	&#x1f92d;	U+1F92D	\xf0\x9f\xa4\xad	
 🤬	&#x1f92c;	U+1F92C	\xf0\x9f\xa4\xac	
 🤫	&#x1f92b;	U+1F92B	\xf0\x9f\xa4\xab	
 🤪	&#x1f92a;	U+1F92A	\xf0\x9f\xa4\xaa	
 🤩	&#x1f929;	U+1F929	\xf0\x9f\xa4\xa9	
 🤨	&#x1f928;	U+1F928	\xf0\x9f\xa4\xa8	
 🤧	&#x1f927;	U+1F927	\xf0\x9f\xa4\xa7	
 🚶‍♀	&#x200d00000000;	U+1F6B60000200D00002640	\xf0\x9f\x9a\xb6\xe2\x80\x8d\xe2\x99\x80	
 🤥	&#x1f925;	U+1F925	\xf0\x9f\xa4\xa5	
 🤤	&#x1f924;	U+1F924	\xf0\x9f\xa4\xa4	
 🤣	&#x1f923;	U+1F923	\xf0\x9f\xa4\xa3	
 🤢	&#x1f922;	U+1F922	\xf0\x9f\xa4\xa2	
 🤡	&#x1f921;	U+1F921	\xf0\x9f\xa4\xa1	
 🤠	&#x1f920;	U+1F920	\xf0\x9f\xa4\xa0	
 👨‍⚖	&#x200d00000000;	U+1F4680000200D00002696	\xf0\x9f\x91\xa8\xe2\x80\x8d\xe2\x9a\x96	
 👨‍⚕	&#x200d00000000;	U+1F4680000200D00002695	\xf0\x9f\x91\xa8\xe2\x80\x8d\xe2\x9a\x95	
 👩‍🚒	&#x200d00000000;	U+1F4690000200D0001F692	\xf0\x9f\x91\xa9\xe2\x80\x8d\xf0\x9f\x9a\x92	
 🙈	&#x1f648;	U+1F648	\xf0\x9f\x99\x88	
 🙉	&#x1f649;	U+1F649	\xf0\x9f\x99\x89	
 🙊	&#x1f64a;	U+1F64A	\xf0\x9f\x99\x8a	
 🙋	&#x1f64b;	U+1F64B	\xf0\x9f\x99\x8b	
 🙌	&#x1f64c;	U+1F64C	\xf0\x9f\x99\x8c	
 🙍	&#x1f64d;	U+1F64D	\xf0\x9f\x99\x8d	
 🙎	&#x1f64e;	U+1F64E	\xf0\x9f\x99\x8e	
 🙏	&#x1f64f;	U+1F64F	\xf0\x9f\x99\x8f	
 🙀	&#x1f640;	U+1F640	\xf0\x9f\x99\x80	
 🙁	&#x1f641;	U+1F641	\xf0\x9f\x99\x81	
 🙂	&#x1f642;	U+1F642	\xf0\x9f\x99\x82	
 🙃	&#x1f643;	U+1F643	\xf0\x9f\x99\x83	
 🙄	&#x1f644;	U+1F644	\xf0\x9f\x99\x84	
 🙅	&#x1f645;	U+1F645	\xf0\x9f\x99\x85	
 👩‍🚀	&#x200d00000000;	U+1F4690000200D0001F680	\xf0\x9f\x91\xa9\xe2\x80\x8d\xf0\x9f\x9a\x80	
 🙇	&#x1f647;	U+1F647	\xf0\x9f\x99\x87	
 ♟️	&#x265f0000fe0f;	U+265F0000FE0F	\xe2\x99\x9f\xef\xb8\x8f	
 👨‍👦‍👦	&#x0;	U+1F4680000200D0001F4660000200D0001F466	\xf0\x9f\x91\xa8\xe2\x80\x8d\xf0\x9f\x91\xa6\xe2\x80\x8d\xf0\x9f\x91\xa6	
 🧗‍♂️	&#x0;	U+1F9D70000200D000026420000FE0F	\xf0\x9f\xa7\x97\xe2\x80\x8d\xe2\x99\x82\xef\xb8\x8f	
 ↪	&#x21aa;	U+21AA	\xe2\x86\xaa	
 ↩	&#x21a9;	U+21A9	\xe2\x86\xa9	
 ↗	&#x2197;	U+2197	\xe2\x86\x97	
 ↖	&#x2196;	U+2196	\xe2\x86\x96	
 ↕	&#x2195;	U+2195	\xe2\x86\x95	
 ↔	&#x2194;	U+2194	\xe2\x86\x94	
 ↙	&#x2199;	U+2199	\xe2\x86\x99	
 ↘	&#x2198;	U+2198	\xe2\x86\x98	
 ⚱	&#x26b1;	U+26B1	\xe2\x9a\xb1	
 ⚰	&#x26b0;	U+26B0	\xe2\x9a\xb0	
 ⚾	&#x26be;	U+26BE	\xe2\x9a\xbe	
 ⚽	&#x26bd;	U+26BD	\xe2\x9a\xbd	
 ⚡	&#x26a1;	U+26A1	\xe2\x9a\xa1	
 ⚠	&#x26a0;	U+26A0	\xe2\x9a\xa0	
 ⚫	&#x26ab;	U+26AB	\xe2\x9a\xab	
 ⚪	&#x26aa;	U+26AA	\xe2\x9a\xaa	
 ⚗	&#x2697;	U+2697	\xe2\x9a\x97	
 ⚖	&#x2696;	U+2696	\xe2\x9a\x96	
 ⚕	&#x2695;	U+2695	\xe2\x9a\x95	
 ⚔	&#x2694;	U+2694	\xe2\x9a\x94	
 ⚓	&#x2693;	U+2693	\xe2\x9a\x93	
 ⚒	&#x2692;	U+2692	\xe2\x9a\x92	
 ⚜	&#x269c;	U+269C	\xe2\x9a\x9c	
 ⚛	&#x269b;	U+269B	\xe2\x9a\x9b	
 ⚙	&#x2699;	U+2699	\xe2\x9a\x99	
 👩‍✈	&#x200d00000000;	U+1F4690000200D00002708	\xf0\x9f\x91\xa9\xe2\x80\x8d\xe2\x9c\x88	
 🧜	&#x1f9dc;	U+1F9DC	\xf0\x9f\xa7\x9c	
 🧒	&#x1f9d2;	U+1F9D2	\xf0\x9f\xa7\x92	
 🧓	&#x1f9d3;	U+1F9D3	\xf0\x9f\xa7\x93	
 🧐	&#x1f9d0;	U+1F9D0	\xf0\x9f\xa7\x90	
 🧑	&#x1f9d1;	U+1F9D1	\xf0\x9f\xa7\x91	
 🧔	&#x1f9d4;	U+1F9D4	\xf0\x9f\xa7\x94	
 🧕	&#x1f9d5;	U+1F9D5	\xf0\x9f\xa7\x95	
 🧂	&#x1f9c2;	U+1F9C2	\xf0\x9f\xa7\x82	
 🧀	&#x1f9c0;	U+1F9C0	\xf0\x9f\xa7\x80	
 🧁	&#x1f9c1;	U+1F9C1	\xf0\x9f\xa7\x81	
 🧺	&#x1f9fa;	U+1F9FA	\xf0\x9f\xa7\xba	
 🧻	&#x1f9fb;	U+1F9FB	\xf0\x9f\xa7\xbb	
 🧸	&#x1f9f8;	U+1F9F8	\xf0\x9f\xa7\xb8	
 🧹	&#x1f9f9;	U+1F9F9	\xf0\x9f\xa7\xb9	
 🧾	&#x1f9fe;	U+1F9FE	\xf0\x9f\xa7\xbe	
 🧿	&#x1f9ff;	U+1F9FF	\xf0\x9f\xa7\xbf	
 🧼	&#x1f9fc;	U+1F9FC	\xf0\x9f\xa7\xbc	
 🧽	&#x1f9fd;	U+1F9FD	\xf0\x9f\xa7\xbd	
 👩‍👩‍👧‍👧	&#x0;	U+1F4690000200D0001F4690000200D0001F4670000200D0001F467	\xf0\x9f\x91\xa9\xe2\x80\x8d\xf0\x9f\x91\xa9\xe2\x80\x8d\xf0\x9f\x91\xa7\xe2\x80\x8d\xf0\x9f\x91\xa7	
 👩‍👩‍👧‍👦	&#x0;	U+1F4690000200D0001F4690000200D0001F4670000200D0001F466	\xf0\x9f\x91\xa9\xe2\x80\x8d\xf0\x9f\x91\xa9\xe2\x80\x8d\xf0\x9f\x91\xa7\xe2\x80\x8d\xf0\x9f\x91\xa6	
 🧰	&#x1f9f0;	U+1F9F0	\xf0\x9f\xa7\xb0	
 🧱	&#x1f9f1;	U+1F9F1	\xf0\x9f\xa7\xb1	
 🧶	&#x1f9f6;	U+1F9F6	\xf0\x9f\xa7\xb6	
 🧷	&#x1f9f7;	U+1F9F7	\xf0\x9f\xa7\xb7	
 🧴	&#x1f9f4;	U+1F9F4	\xf0\x9f\xa7\xb4	
 🧵	&#x1f9f5;	U+1F9F5	\xf0\x9f\xa7\xb5	
 🧪	&#x1f9ea;	U+1F9EA	\xf0\x9f\xa7\xaa	
 🧫	&#x1f9eb;	U+1F9EB	\xf0\x9f\xa7\xab	
 🧨	&#x1f9e8;	U+1F9E8	\xf0\x9f\xa7\xa8	
 🧩	&#x1f9e9;	U+1F9E9	\xf0\x9f\xa7\xa9	
 🧮	&#x1f9ee;	U+1F9EE	\xf0\x9f\xa7\xae	
 🧯	&#x1f9ef;	U+1F9EF	\xf0\x9f\xa7\xaf	
 🧬	&#x1f9ec;	U+1F9EC	\xf0\x9f\xa7\xac	
 🧭	&#x1f9ed;	U+1F9ED	\xf0\x9f\xa7\xad	
 🧢	&#x1f9e2;	U+1F9E2	\xf0\x9f\xa7\xa2	
 🧣	&#x1f9e3;	U+1F9E3	\xf0\x9f\xa7\xa3	
 🧠	&#x1f9e0;	U+1F9E0	\xf0\x9f\xa7\xa0	
 🧡	&#x1f9e1;	U+1F9E1	\xf0\x9f\xa7\xa1	
 🧦	&#x1f9e6;	U+1F9E6	\xf0\x9f\xa7\xa6	
 🧧	&#x1f9e7;	U+1F9E7	\xf0\x9f\xa7\xa7	
 🧤	&#x1f9e4;	U+1F9E4	\xf0\x9f\xa7\xa4	
 🧥	&#x1f9e5;	U+1F9E5	\xf0\x9f\xa7\xa5	
 🏂	&#x1f3c2;	U+1F3C2	\xf0\x9f\x8f\x82	
 🏃	&#x1f3c3;	U+1F3C3	\xf0\x9f\x8f\x83	
 🏀	&#x1f3c0;	U+1F3C0	\xf0\x9f\x8f\x80	
 🏁	&#x1f3c1;	U+1F3C1	\xf0\x9f\x8f\x81	
 🏄	&#x1f3c4;	U+1F3C4	\xf0\x9f\x8f\x84	
 🏅	&#x1f3c5;	U+1F3C5	\xf0\x9f\x8f\x85	
 8⃣	&#x38000020e3;	U+38000020E3	\x38\xe2\x83\xa3	
 🇨🇴	&#x1f1e80001f1f4;	U+1F1E80001F1F4	\xf0\x9f\x87\xa8\xf0\x9f\x87\xb4	
 🏉	&#x1f3c9;	U+1F3C9	\xf0\x9f\x8f\x89	
 🦸‍♀️	&#x0;	U+1F9B80000200D000026400000FE0F	\xf0\x9f\xa6\xb8\xe2\x80\x8d\xe2\x99\x80\xef\xb8\x8f	
 🇨🇰	&#x1f1e80001f1f0;	U+1F1E80001F1F0	\xf0\x9f\x87\xa8\xf0\x9f\x87\xb0	
 🧘‍♂️	&#x0;	U+1F9D80000200D000026420000FE0F	\xf0\x9f\xa7\x98\xe2\x80\x8d\xe2\x99\x82\xef\xb8\x8f	
 🏏	&#x1f3cf;	U+1F3CF	\xf0\x9f\x8f\x8f	
 👨‍💻	&#x200d00000000;	U+1F4680000200D0001F4BB	\xf0\x9f\x91\xa8\xe2\x80\x8d\xf0\x9f\x92\xbb	
 🏌	&#x1f3cc;	U+1F3CC	\xf0\x9f\x8f\x8c	
 🏍	&#x1f3cd;	U+1F3CD	\xf0\x9f\x8f\x8d	
 👪	&#x1f46a;	U+1F46A	\xf0\x9f\x91\xaa	
 🏒	&#x1f3d2;	U+1F3D2	\xf0\x9f\x8f\x92	
 🏓	&#x1f3d3;	U+1F3D3	\xf0\x9f\x8f\x93	
 🏐	&#x1f3d0;	U+1F3D0	\xf0\x9f\x8f\x90	
 👩‍💻	&#x200d00000000;	U+1F4690000200D0001F4BB	\xf0\x9f\x91\xa9\xe2\x80\x8d\xf0\x9f\x92\xbb	
 🤦‍♀	&#x200d00000000;	U+1F9260000200D00002640	\xf0\x9f\xa4\xa6\xe2\x80\x8d\xe2\x99\x80	
 🇨🇨	&#x1f1e80001f1e8;	U+1F1E80001F1E8	\xf0\x9f\x87\xa8\xf0\x9f\x87\xa8	
 🏗	&#x1f3d7;	U+1F3D7	\xf0\x9f\x8f\x97	
 👑	&#x1f451;	U+1F451	\xf0\x9f\x91\x91	
 🏕	&#x1f3d5;	U+1F3D5	\xf0\x9f\x8f\x95	
 👨‍🌾	&#x200d00000000;	U+1F4680000200D0001F33E	\xf0\x9f\x91\xa8\xe2\x80\x8d\xf0\x9f\x8c\xbe	
 👓	&#x1f453;	U+1F453	\xf0\x9f\x91\x93	
 🏘	&#x1f3d8;	U+1F3D8	\xf0\x9f\x8f\x98	
 👖	&#x1f456;	U+1F456	\xf0\x9f\x91\x96	
 🇰🇳	&#x1f1f00001f1f3;	U+1F1F00001F1F3	\xf0\x9f\x87\xb0\xf0\x9f\x87\xb3	
 👘	&#x1f458;	U+1F458	\xf0\x9f\x91\x98	
 🇰🇾	&#x1f1f00001f1fe;	U+1F1F00001F1FE	\xf0\x9f\x87\xb0\xf0\x9f\x87\xbe	
 👛	&#x1f45b;	U+1F45B	\xf0\x9f\x91\x9b	
 👩‍🌾	&#x200d00000000;	U+1F4690000200D0001F33E	\xf0\x9f\x91\xa9\xe2\x80\x8d\xf0\x9f\x8c\xbe	
 📴	&#x1f4f4;	U+1F4F4	\xf0\x9f\x93\xb4	
 😛	&#x1f61b;	U+1F61B	\xf0\x9f\x98\x9b	
 #⃣	&#x23000020e3;	U+23000020E3	\x23\xe2\x83\xa3	
 😙	&#x1f619;	U+1F619	\xf0\x9f\x98\x99	
 😘	&#x1f618;	U+1F618	\xf0\x9f\x98\x98	
 😟	&#x1f61f;	U+1F61F	\xf0\x9f\x98\x9f	
 😞	&#x1f61e;	U+1F61E	\xf0\x9f\x98\x9e	
 😝	&#x1f61d;	U+1F61D	\xf0\x9f\x98\x9d	
 😜	&#x1f61c;	U+1F61C	\xf0\x9f\x98\x9c	
 😓	&#x1f613;	U+1F613	\xf0\x9f\x98\x93	
 😒	&#x1f612;	U+1F612	\xf0\x9f\x98\x92	
 😑	&#x1f611;	U+1F611	\xf0\x9f\x98\x91	
 😐	&#x1f610;	U+1F610	\xf0\x9f\x98\x90	
 😗	&#x1f617;	U+1F617	\xf0\x9f\x98\x97	
 😖	&#x1f616;	U+1F616	\xf0\x9f\x98\x96	
 😕	&#x1f615;	U+1F615	\xf0\x9f\x98\x95	
 😔	&#x1f614;	U+1F614	\xf0\x9f\x98\x94	
 😋	&#x1f60b;	U+1F60B	\xf0\x9f\x98\x8b	
 😊	&#x1f60a;	U+1F60A	\xf0\x9f\x98\x8a	
 😉	&#x1f609;	U+1F609	\xf0\x9f\x98\x89	
 😈	&#x1f608;	U+1F608	\xf0\x9f\x98\x88	
 😏	&#x1f60f;	U+1F60F	\xf0\x9f\x98\x8f	
 😎	&#x1f60e;	U+1F60E	\xf0\x9f\x98\x8e	
 😍	&#x1f60d;	U+1F60D	\xf0\x9f\x98\x8d	
 🇰🇭	&#x1f1f00001f1ed;	U+1F1F00001F1ED	\xf0\x9f\x87\xb0\xf0\x9f\x87\xad	
 😃	&#x1f603;	U+1F603	\xf0\x9f\x98\x83	
 😂	&#x1f602;	U+1F602	\xf0\x9f\x98\x82	
 😁	&#x1f601;	U+1F601	\xf0\x9f\x98\x81	
 😀	&#x1f600;	U+1F600	\xf0\x9f\x98\x80	
 😇	&#x1f607;	U+1F607	\xf0\x9f\x98\x87	
 👊	&#x1f44a;	U+1F44A	\xf0\x9f\x91\x8a	
 😅	&#x1f605;	U+1F605	\xf0\x9f\x98\x85	
 😄	&#x1f604;	U+1F604	\xf0\x9f\x98\x84	
 😻	&#x1f63b;	U+1F63B	\xf0\x9f\x98\xbb	
 😺	&#x1f63a;	U+1F63A	\xf0\x9f\x98\xba	
 😹	&#x1f639;	U+1F639	\xf0\x9f\x98\xb9	
 😸	&#x1f638;	U+1F638	\xf0\x9f\x98\xb8	
 😿	&#x1f63f;	U+1F63F	\xf0\x9f\x98\xbf	
 😾	&#x1f63e;	U+1F63E	\xf0\x9f\x98\xbe	
 😽	&#x1f63d;	U+1F63D	\xf0\x9f\x98\xbd	
 😼	&#x1f63c;	U+1F63C	\xf0\x9f\x98\xbc	
 😳	&#x1f633;	U+1F633	\xf0\x9f\x98\xb3	
 😲	&#x1f632;	U+1F632	\xf0\x9f\x98\xb2	
 😱	&#x1f631;	U+1F631	\xf0\x9f\x98\xb1	
 😰	&#x1f630;	U+1F630	\xf0\x9f\x98\xb0	
 😷	&#x1f637;	U+1F637	\xf0\x9f\x98\xb7	
 😶	&#x1f636;	U+1F636	\xf0\x9f\x98\xb6	
 😵	&#x1f635;	U+1F635	\xf0\x9f\x98\xb5	
 😴	&#x1f634;	U+1F634	\xf0\x9f\x98\xb4	
 😫	&#x1f62b;	U+1F62B	\xf0\x9f\x98\xab	
 😪	&#x1f62a;	U+1F62A	\xf0\x9f\x98\xaa	
 😩	&#x1f629;	U+1F629	\xf0\x9f\x98\xa9	
 😨	&#x1f628;	U+1F628	\xf0\x9f\x98\xa8	
 😯	&#x1f62f;	U+1F62F	\xf0\x9f\x98\xaf	
 👎	&#x1f44e;	U+1F44E	\xf0\x9f\x91\x8e	
 😭	&#x1f62d;	U+1F62D	\xf0\x9f\x98\xad	
 😬	&#x1f62c;	U+1F62C	\xf0\x9f\x98\xac	
 😣	&#x1f623;	U+1F623	\xf0\x9f\x98\xa3	
 😢	&#x1f622;	U+1F622	\xf0\x9f\x98\xa2	
 😡	&#x1f621;	U+1F621	\xf0\x9f\x98\xa1	
 😠	&#x1f620;	U+1F620	\xf0\x9f\x98\xa0	
 😧	&#x1f627;	U+1F627	\xf0\x9f\x98\xa7	
 😦	&#x1f626;	U+1F626	\xf0\x9f\x98\xa6	
 😥	&#x1f625;	U+1F625	\xf0\x9f\x98\xa5	
 😤	&#x1f624;	U+1F624	\xf0\x9f\x98\xa4	
 😚	&#x1f61a;	U+1F61A	\xf0\x9f\x98\x9a	
 🦹‍♂️	&#x0;	U+1F9B90000200D000026420000FE0F	\xf0\x9f\xa6\xb9\xe2\x80\x8d\xe2\x99\x82\xef\xb8\x8f	
 ➰	&#x27b0;	U+27B0	\xe2\x9e\xb0	
 👈	&#x1f448;	U+1F448	\xf0\x9f\x91\x88	
 👨‍❤‍💋‍👨	&#x0;	U+1F4680000200D000027640000200D0001F48B0000200D0001F468	\xf0\x9f\x91\xa8\xe2\x80\x8d\xe2\x9d\xa4\xe2\x80\x8d\xf0\x9f\x92\x8b\xe2\x80\x8d\xf0\x9f\x91\xa8	
 ⛴	&#x26f4;	U+26F4	\xe2\x9b\xb4	
 ⛵	&#x26f5;	U+26F5	\xe2\x9b\xb5	
 ⛷	&#x26f7;	U+26F7	\xe2\x9b\xb7	
 ⛰	&#x26f0;	U+26F0	\xe2\x9b\xb0	
 ⛱	&#x26f1;	U+26F1	\xe2\x9b\xb1	
 ⛲	&#x26f2;	U+26F2	\xe2\x9b\xb2	
 ⛳	&#x26f3;	U+26F3	\xe2\x9b\xb3	
 ⛽	&#x26fd;	U+26FD	\xe2\x9b\xbd	
 ⛸	&#x26f8;	U+26F8	\xe2\x9b\xb8	
 ⛹	&#x26f9;	U+26F9	\xe2\x9b\xb9	
 ⛺	&#x26fa;	U+26FA	\xe2\x9b\xba	
 ⛩	&#x26e9;	U+26E9	\xe2\x9b\xa9	
 ⛪	&#x26ea;	U+26EA	\xe2\x9b\xaa	
 ⛔	&#x26d4;	U+26D4	\xe2\x9b\x94	
 ⛑	&#x26d1;	U+26D1	\xe2\x9b\x91	
 🇵🇦	&#x1f1f50001f1e6;	U+1F1F50001F1E6	\xf0\x9f\x87\xb5\xf0\x9f\x87\xa6	
 🇵🇫	&#x1f1f50001f1eb;	U+1F1F50001F1EB	\xf0\x9f\x87\xb5\xf0\x9f\x87\xab	
 🇵🇪	&#x1f1f50001f1ea;	U+1F1F50001F1EA	\xf0\x9f\x87\xb5\xf0\x9f\x87\xaa	
 🇵🇭	&#x1f1f50001f1ed;	U+1F1F50001F1ED	\xf0\x9f\x87\xb5\xf0\x9f\x87\xad	
 🇵🇬	&#x1f1f50001f1ec;	U+1F1F50001F1EC	\xf0\x9f\x87\xb5\xf0\x9f\x87\xac	
 ⛄	&#x26c4;	U+26C4	\xe2\x9b\x84	
 ⛅	&#x26c5;	U+26C5	\xe2\x9b\x85	
 🇵🇳	&#x1f1f50001f1f3;	U+1F1F50001F1F3	\xf0\x9f\x87\xb5\xf0\x9f\x87\xb3	
 🇵🇲	&#x1f1f50001f1f2;	U+1F1F50001F1F2	\xf0\x9f\x87\xb5\xf0\x9f\x87\xb2	
 🇵🇷	&#x1f1f50001f1f7;	U+1F1F50001F1F7	\xf0\x9f\x87\xb5\xf0\x9f\x87\xb7	
 🇵🇹	&#x1f1f50001f1f9;	U+1F1F50001F1F9	\xf0\x9f\x87\xb5\xf0\x9f\x87\xb9	
 🇵🇸	&#x1f1f50001f1f8;	U+1F1F50001F1F8	\xf0\x9f\x87\xb5\xf0\x9f\x87\xb8	
 ⛎	&#x26ce;	U+26CE	\xe2\x9b\x8e	
 ⛏	&#x26cf;	U+26CF	\xe2\x9b\x8f	
 ⛈	&#x26c8;	U+26C8	\xe2\x9b\x88	
 🇵🇼	&#x1f1f50001f1fc;	U+1F1F50001F1FC	\xf0\x9f\x87\xb5\xf0\x9f\x87\xbc	
 🇵🇾	&#x1f1f50001f1fe;	U+1F1F50001F1FE	\xf0\x9f\x87\xb5\xf0\x9f\x87\xbe	
 👨‍🍳	&#x200d00000000;	U+1F4680000200D0001F373	\xf0\x9f\x91\xa8\xe2\x80\x8d\xf0\x9f\x8d\xb3	
 😌	&#x1f60c;	U+1F60C	\xf0\x9f\x98\x8c	
 😆	&#x1f606;	U+1F606	\xf0\x9f\x98\x86	
 🦡	&#x1f9a1;	U+1F9A1	\xf0\x9f\xa6\xa1	
 🦠	&#x1f9a0;	U+1F9A0	\xf0\x9f\xa6\xa0	
 🦢	&#x1f9a2;	U+1F9A2	\xf0\x9f\xa6\xa2	
 🦵	&#x1f9b5;	U+1F9B5	\xf0\x9f\xa6\xb5	
 🦴	&#x1f9b4;	U+1F9B4	\xf0\x9f\xa6\xb4	
 🦷	&#x1f9b7;	U+1F9B7	\xf0\x9f\xa6\xb7	
 🦶	&#x1f9b6;	U+1F9B6	\xf0\x9f\xa6\xb6	
 🤽‍♀	&#x200d00000000;	U+1F93D0000200D00002640	\xf0\x9f\xa4\xbd\xe2\x80\x8d\xe2\x99\x80	
 🤽‍♂	&#x200d00000000;	U+1F93D0000200D00002642	\xf0\x9f\xa4\xbd\xe2\x80\x8d\xe2\x99\x82	
 🦹	&#x1f9b9;	U+1F9B9	\xf0\x9f\xa6\xb9	
 🦸	&#x1f9b8;	U+1F9B8	\xf0\x9f\xa6\xb8	
 🦅	&#x1f985;	U+1F985	\xf0\x9f\xa6\x85	
 🦄	&#x1f984;	U+1F984	\xf0\x9f\xa6\x84	
 🦇	&#x1f987;	U+1F987	\xf0\x9f\xa6\x87	
 🦆	&#x1f986;	U+1F986	\xf0\x9f\xa6\x86	
 🦁	&#x1f981;	U+1F981	\xf0\x9f\xa6\x81	
 🦀	&#x1f980;	U+1F980	\xf0\x9f\xa6\x80	
 🦃	&#x1f983;	U+1F983	\xf0\x9f\xa6\x83	
 🦂	&#x1f982;	U+1F982	\xf0\x9f\xa6\x82	
 🦍	&#x1f98d;	U+1F98D	\xf0\x9f\xa6\x8d	
 🦌	&#x1f98c;	U+1F98C	\xf0\x9f\xa6\x8c	
 🦏	&#x1f98f;	U+1F98F	\xf0\x9f\xa6\x8f	
 🦎	&#x1f98e;	U+1F98E	\xf0\x9f\xa6\x8e	
 🦉	&#x1f989;	U+1F989	\xf0\x9f\xa6\x89	
 🦈	&#x1f988;	U+1F988	\xf0\x9f\xa6\x88	
 🦋	&#x1f98b;	U+1F98B	\xf0\x9f\xa6\x8b	
 🦊	&#x1f98a;	U+1F98A	\xf0\x9f\xa6\x8a	
 🦕	&#x1f995;	U+1F995	\xf0\x9f\xa6\x95	
 🦔	&#x1f994;	U+1F994	\xf0\x9f\xa6\x94	
 🦗	&#x1f997;	U+1F997	\xf0\x9f\xa6\x97	
 🦖	&#x1f996;	U+1F996	\xf0\x9f\xa6\x96	
 🦑	&#x1f991;	U+1F991	\xf0\x9f\xa6\x91	
 🦐	&#x1f990;	U+1F990	\xf0\x9f\xa6\x90	
 🦓	&#x1f993;	U+1F993	\xf0\x9f\xa6\x93	
 🤸‍♀	&#x200d00000000;	U+1F9380000200D00002640	\xf0\x9f\xa4\xb8\xe2\x80\x8d\xe2\x99\x80	
 🦝	&#x1f99d;	U+1F99D	\xf0\x9f\xa6\x9d	
 🦜	&#x1f99c;	U+1F99C	\xf0\x9f\xa6\x9c	
 🦟	&#x1f99f;	U+1F99F	\xf0\x9f\xa6\x9f	
 🦞	&#x1f99e;	U+1F99E	\xf0\x9f\xa6\x9e	
 🦙	&#x1f999;	U+1F999	\xf0\x9f\xa6\x99	
 🦘	&#x1f998;	U+1F998	\xf0\x9f\xa6\x98	
 🦛	&#x1f99b;	U+1F99B	\xf0\x9f\xa6\x9b	
 🦚	&#x1f99a;	U+1F99A	\xf0\x9f\xa6\x9a	
 🤸‍♂	&#x200d00000000;	U+1F9380000200D00002642	\xf0\x9f\xa4\xb8\xe2\x80\x8d\xe2\x99\x82	
 👩‍❤‍👩	&#x0;	U+1F4690000200D000027640000200D0001F469	\xf0\x9f\x91\xa9\xe2\x80\x8d\xe2\x9d\xa4\xe2\x80\x8d\xf0\x9f\x91\xa9	
 😮	&#x1f62e;	U+1F62E	\xf0\x9f\x98\xae	
 🚱	&#x1f6b1;	U+1F6B1	\xf0\x9f\x9a\xb1	
 ☹	&#x2639;	U+2639	\xe2\x98\xb9	
 ☸	&#x2638;	U+2638	\xe2\x98\xb8	
 ☺	&#x263a;	U+263A	\xe2\x98\xba	
 ☪	&#x262a;	U+262A	\xe2\x98\xaa	
 ☯	&#x262f;	U+262F	\xe2\x98\xaf	
 ☮	&#x262e;	U+262E	\xe2\x98\xae	
 ☠	&#x2620;	U+2620	\xe2\x98\xa0	
 ☣	&#x2623;	U+2623	\xe2\x98\xa3	
 ☢	&#x2622;	U+2622	\xe2\x98\xa2	
 ☦	&#x2626;	U+2626	\xe2\x98\xa6	
 ☘	&#x2618;	U+2618	\xe2\x98\x98	
 ☝	&#x261d;	U+261D	\xe2\x98\x9d	
 ☑	&#x2611;	U+2611	\xe2\x98\x91	
 ☕	&#x2615;	U+2615	\xe2\x98\x95	
 ☔	&#x2614;	U+2614	\xe2\x98\x94	
 ☎	&#x260e;	U+260E	\xe2\x98\x8e	
 ☁	&#x2601;	U+2601	\xe2\x98\x81	
 ☀	&#x2600;	U+2600	\xe2\x98\x80	
 ☃	&#x2603;	U+2603	\xe2\x98\x83	
 ☂	&#x2602;	U+2602	\xe2\x98\x82	
 🤹‍♀	&#x200d00000000;	U+1F9390000200D00002640	\xf0\x9f\xa4\xb9\xe2\x80\x8d\xe2\x99\x80	
 ☄	&#x2604;	U+2604	\xe2\x98\x84	
 🤹‍♂	&#x200d00000000;	U+1F9390000200D00002642	\xf0\x9f\xa4\xb9\xe2\x80\x8d\xe2\x99\x82	
 👩‍⚖	&#x200d00000000;	U+1F4690000200D00002696	\xf0\x9f\x91\xa9\xe2\x80\x8d\xe2\x9a\x96	
 👩‍⚕	&#x200d00000000;	U+1F4690000200D00002695	\xf0\x9f\x91\xa9\xe2\x80\x8d\xe2\x9a\x95	
 🚵‍♀	&#x200d00000000;	U+1F6B50000200D00002640	\xf0\x9f\x9a\xb5\xe2\x80\x8d\xe2\x99\x80	
 🚊	&#x1f68a;	U+1F68A	\xf0\x9f\x9a\x8a	
 ◼	&#x25fc;	U+25FC	\xe2\x97\xbc	
 🚌	&#x1f68c;	U+1F68C	\xf0\x9f\x9a\x8c	
 ◾	&#x25fe;	U+25FE	\xe2\x97\xbe	
 👨‍👩‍👦‍👦	&#x0;	U+1F4680000200D0001F4690000200D0001F4660000200D0001F466	\xf0\x9f\x91\xa8\xe2\x80\x8d\xf0\x9f\x91\xa9\xe2\x80\x8d\xf0\x9f\x91\xa6\xe2\x80\x8d\xf0\x9f\x91\xa6	
 👨‍❤‍👨	&#x0;	U+1F4680000200D000027640000200D0001F468	\xf0\x9f\x91\xa8\xe2\x80\x8d\xe2\x9d\xa4\xe2\x80\x8d\xf0\x9f\x91\xa8	
 🧝‍♂️	&#x0;	U+1F9DD0000200D000026420000FE0F	\xf0\x9f\xa7\x9d\xe2\x80\x8d\xe2\x99\x82\xef\xb8\x8f	
 🚣‍♀	&#x200d00000000;	U+1F6A30000200D00002640	\xf0\x9f\x9a\xa3\xe2\x80\x8d\xe2\x99\x80	
 🧛‍♀️	&#x0;	U+1F9DB0000200D000026400000FE0F	\xf0\x9f\xa7\x9b\xe2\x80\x8d\xe2\x99\x80\xef\xb8\x8f	
 🇭🇹	&#x1f1ed0001f1f9;	U+1F1ED0001F1F9	\xf0\x9f\x87\xad\xf0\x9f\x87\xb9	
 👨‍🎤	&#x200d00000000;	U+1F4680000200D0001F3A4	\xf0\x9f\x91\xa8\xe2\x80\x8d\xf0\x9f\x8e\xa4	
 🇭🇺	&#x1f1ed0001f1fa;	U+1F1ED0001F1FA	\xf0\x9f\x87\xad\xf0\x9f\x87\xba	
 🇭🇰	&#x1f1ed0001f1f0;	U+1F1ED0001F1F0	\xf0\x9f\x87\xad\xf0\x9f\x87\xb0	
 🇭🇳	&#x1f1ed0001f1f3;	U+1F1ED0001F1F3	\xf0\x9f\x87\xad\xf0\x9f\x87\xb3	
 👨‍🎨	&#x200d00000000;	U+1F4680000200D0001F3A8	\xf0\x9f\x91\xa8\xe2\x80\x8d\xf0\x9f\x8e\xa8	
 🇭🇷	&#x1f1ed0001f1f7;	U+1F1ED0001F1F7	\xf0\x9f\x87\xad\xf0\x9f\x87\xb7	
 👨‍🎓	&#x200d00000000;	U+1F4680000200D0001F393	\xf0\x9f\x91\xa8\xe2\x80\x8d\xf0\x9f\x8e\x93	
 🛤	&#x1f6e4;	U+1F6E4	\xf0\x9f\x9b\xa4	
 🛥	&#x1f6e5;	U+1F6E5	\xf0\x9f\x9b\xa5	
 🛢	&#x1f6e2;	U+1F6E2	\xf0\x9f\x9b\xa2	
 🛣	&#x1f6e3;	U+1F6E3	\xf0\x9f\x9b\xa3	
 🛠	&#x1f6e0;	U+1F6E0	\xf0\x9f\x9b\xa0	
 🛡	&#x1f6e1;	U+1F6E1	\xf0\x9f\x9b\xa1	
 🛬	&#x1f6ec;	U+1F6EC	\xf0\x9f\x9b\xac	
 🛫	&#x1f6eb;	U+1F6EB	\xf0\x9f\x9b\xab	
 🛩	&#x1f6e9;	U+1F6E9	\xf0\x9f\x9b\xa9	
 🛶	&#x1f6f6;	U+1F6F6	\xf0\x9f\x9b\xb6	
 🛷	&#x1f6f7;	U+1F6F7	\xf0\x9f\x9b\xb7	
 🛴	&#x1f6f4;	U+1F6F4	\xf0\x9f\x9b\xb4	
 🛵	&#x1f6f5;	U+1F6F5	\xf0\x9f\x9b\xb5	
 🛳	&#x1f6f3;	U+1F6F3	\xf0\x9f\x9b\xb3	
 🛰	&#x1f6f0;	U+1F6F0	\xf0\x9f\x9b\xb0	
 👨‍✈	&#x200d00000000;	U+1F4680000200D00002708	\xf0\x9f\x91\xa8\xe2\x80\x8d\xe2\x9c\x88	
 🛸	&#x1f6f8;	U+1F6F8	\xf0\x9f\x9b\xb8	
 🛹	&#x1f6f9;	U+1F6F9	\xf0\x9f\x9b\xb9	
 🛄	&#x1f6c4;	U+1F6C4	\xf0\x9f\x9b\x84	
 🛅	&#x1f6c5;	U+1F6C5	\xf0\x9f\x9b\x85	
 🛂	&#x1f6c2;	U+1F6C2	\xf0\x9f\x9b\x82	
 🛃	&#x1f6c3;	U+1F6C3	\xf0\x9f\x9b\x83	
 🛀	&#x1f6c0;	U+1F6C0	\xf0\x9f\x9b\x80	
 🛁	&#x1f6c1;	U+1F6C1	\xf0\x9f\x9b\x81	
 🛎	&#x1f6ce;	U+1F6CE	\xf0\x9f\x9b\x8e	
 🛏	&#x1f6cf;	U+1F6CF	\xf0\x9f\x9b\x8f	
 🛌	&#x1f6cc;	U+1F6CC	\xf0\x9f\x9b\x8c	
 🛍	&#x1f6cd;	U+1F6CD	\xf0\x9f\x9b\x8d	
 🛋	&#x1f6cb;	U+1F6CB	\xf0\x9f\x9b\x8b	
 🛒	&#x1f6d2;	U+1F6D2	\xf0\x9f\x9b\x92	
 🛐	&#x1f6d0;	U+1F6D0	\xf0\x9f\x9b\x90	
 🛑	&#x1f6d1;	U+1F6D1	\xf0\x9f\x9b\x91	
 ▫	&#x25ab;	U+25AB	\xe2\x96\xab	
 ▪	&#x25aa;	U+25AA	\xe2\x96\xaa	
 👩‍🔬	&#x200d00000000;	U+1F4690000200D0001F52C	\xf0\x9f\x91\xa9\xe2\x80\x8d\xf0\x9f\x94\xac	
 🅾	&#x1f17e;	U+1F17E	\xf0\x9f\x85\xbe	
 🅿	&#x1f17f;	U+1F17F	\xf0\x9f\x85\xbf	
 ™	&#x2122;	U+2122	\xe2\x84\xa2	
 🅰	&#x1f170;	U+1F170	\xf0\x9f\x85\xb0	
 🅱	&#x1f171;	U+1F171	\xf0\x9f\x85\xb1	
 ℹ	&#x2139;	U+2139	\xe2\x84\xb9	
 *⃣	&#x2a000020e3;	U+2A000020E3	\x2a\xe2\x83\xa3	
 🙎‍♂	&#x200d00000000;	U+1F64E0000200D00002642	\xf0\x9f\x99\x8e\xe2\x80\x8d\xe2\x99\x82	
 ♿	&#x267f;	U+267F	\xe2\x99\xbf	
 ♻	&#x267b;	U+267B	\xe2\x99\xbb	
 ♨	&#x2668;	U+2668	\xe2\x99\xa8	
 ♦	&#x2666;	U+2666	\xe2\x99\xa6	
 ♥	&#x2665;	U+2665	\xe2\x99\xa5	
 ♣	&#x2663;	U+2663	\xe2\x99\xa3	
 ♠	&#x2660;	U+2660	\xe2\x99\xa0	
 🤦‍♂	&#x200d00000000;	U+1F9260000200D00002642	\xf0\x9f\xa4\xa6\xe2\x80\x8d\xe2\x99\x82	
 ⛓	&#x26d3;	U+26D3	\xe2\x9b\x93	
 ♒	&#x2652;	U+2652	\xe2\x99\x92	
 ♓	&#x2653;	U+2653	\xe2\x99\x93	
 ♐	&#x2650;	U+2650	\xe2\x99\x90	
 ♑	&#x2651;	U+2651	\xe2\x99\x91	
 ♎	&#x264e;	U+264E	\xe2\x99\x8e	
 ♏	&#x264f;	U+264F	\xe2\x99\x8f	
 ♌	&#x264c;	U+264C	\xe2\x99\x8c	
 ♍	&#x264d;	U+264D	\xe2\x99\x8d	
 ♊	&#x264a;	U+264A	\xe2\x99\x8a	
 ♋	&#x264b;	U+264B	\xe2\x99\x8b	
 ♈	&#x2648;	U+2648	\xe2\x99\x88	
 ♉	&#x2649;	U+2649	\xe2\x99\x89	
 🇬🇩	&#x1f1ec0001f1e9;	U+1F1EC0001F1E9	\xf0\x9f\x87\xac\xf0\x9f\x87\xa9	
 🇬🇪	&#x1f1ec0001f1ea;	U+1F1EC0001F1EA	\xf0\x9f\x87\xac\xf0\x9f\x87\xaa	
 🇬🇫	&#x1f1ec0001f1eb;	U+1F1EC0001F1EB	\xf0\x9f\x87\xac\xf0\x9f\x87\xab	
 🇬🇬	&#x1f1ec0001f1ec;	U+1F1EC0001F1EC	\xf0\x9f\x87\xac\xf0\x9f\x87\xac	
 🇬🇭	&#x1f1ec0001f1ed;	U+1F1EC0001F1ED	\xf0\x9f\x87\xac\xf0\x9f\x87\xad	
 🇬🇮	&#x1f1ec0001f1ee;	U+1F1EC0001F1EE	\xf0\x9f\x87\xac\xf0\x9f\x87\xae	
 🇬🇦	&#x1f1ec0001f1e6;	U+1F1EC0001F1E6	\xf0\x9f\x87\xac\xf0\x9f\x87\xa6	
 🇬🇧	&#x1f1ec0001f1e7;	U+1F1EC0001F1E7	\xf0\x9f\x87\xac\xf0\x9f\x87\xa7	
 🇬🇸	&#x1f1ec0001f1f8;	U+1F1EC0001F1F8	\xf0\x9f\x87\xac\xf0\x9f\x87\xb8	
 🇬🇹	&#x1f1ec0001f1f9;	U+1F1EC0001F1F9	\xf0\x9f\x87\xac\xf0\x9f\x87\xb9	
 🇬🇺	&#x1f1ec0001f1fa;	U+1F1EC0001F1FA	\xf0\x9f\x87\xac\xf0\x9f\x87\xba	
 🇬🇼	&#x1f1ec0001f1fc;	U+1F1EC0001F1FC	\xf0\x9f\x87\xac\xf0\x9f\x87\xbc	
 🇬🇾	&#x1f1ec0001f1fe;	U+1F1EC0001F1FE	\xf0\x9f\x87\xac\xf0\x9f\x87\xbe	
 🇬🇱	&#x1f1ec0001f1f1;	U+1F1EC0001F1F1	\xf0\x9f\x87\xac\xf0\x9f\x87\xb1	
 🇬🇲	&#x1f1ec0001f1f2;	U+1F1EC0001F1F2	\xf0\x9f\x87\xac\xf0\x9f\x87\xb2	
 🇬🇳	&#x1f1ec0001f1f3;	U+1F1EC0001F1F3	\xf0\x9f\x87\xac\xf0\x9f\x87\xb3	
 🇬🇵	&#x1f1ec0001f1f5;	U+1F1EC0001F1F5	\xf0\x9f\x87\xac\xf0\x9f\x87\xb5	
 🇬🇶	&#x1f1ec0001f1f6;	U+1F1EC0001F1F6	\xf0\x9f\x87\xac\xf0\x9f\x87\xb6	
 🇬🇷	&#x1f1ec0001f1f7;	U+1F1EC0001F1F7	\xf0\x9f\x87\xac\xf0\x9f\x87\xb7	
 🇵🇱	&#x1f1f50001f1f1;	U+1F1F50001F1F1	\xf0\x9f\x87\xb5\xf0\x9f\x87\xb1	
 🇵🇰	&#x1f1f50001f1f0;	U+1F1F50001F1F0	\xf0\x9f\x87\xb5\xf0\x9f\x87\xb0	
 🧞‍♀️	&#x0;	U+1F9DE0000200D000026400000FE0F	\xf0\x9f\xa7\x9e\xe2\x80\x8d\xe2\x99\x80\xef\xb8\x8f	
 🏴‍☠️	&#x0;	U+1F3F40000200D000026200000FE0F	\xf0\x9f\x8f\xb4\xe2\x80\x8d\xe2\x98\xa0\xef\xb8\x8f	
 🥬	&#x1f96c;	U+1F96C	\xf0\x9f\xa5\xac	
 🥭	&#x1f96d;	U+1F96D	\xf0\x9f\xa5\xad	
 🇪🇪	&#x1f1ea0001f1ea;	U+1F1EA0001F1EA	\xf0\x9f\x87\xaa\xf0\x9f\x87\xaa	
 🇪🇨	&#x1f1ea0001f1e8;	U+1F1EA0001F1E8	\xf0\x9f\x87\xaa\xf0\x9f\x87\xa8	
 🇪🇬	&#x1f1ea0001f1ec;	U+1F1EA0001F1EC	\xf0\x9f\x87\xaa\xf0\x9f\x87\xac	
 🇪🇭	&#x1f1ea0001f1ed;	U+1F1EA0001F1ED	\xf0\x9f\x87\xaa\xf0\x9f\x87\xad	
 🇪🇺	&#x1f1ea0001f1fa;	U+1F1EA0001F1FA	\xf0\x9f\x87\xaa\xf0\x9f\x87\xba	
 🇪🇸	&#x1f1ea0001f1f8;	U+1F1EA0001F1F8	\xf0\x9f\x87\xaa\xf0\x9f\x87\xb8	
 🇪🇹	&#x1f1ea0001f1f9;	U+1F1EA0001F1F9	\xf0\x9f\x87\xaa\xf0\x9f\x87\xb9	
 🇪🇷	&#x1f1ea0001f1f7;	U+1F1EA0001F1F7	\xf0\x9f\x87\xaa\xf0\x9f\x87\xb7	
 🥠	&#x1f960;	U+1F960	\xf0\x9f\xa5\xa0	
 〽	&#x303d;	U+303D	\xe3\x80\xbd	
 🚡	&#x1f6a1;	U+1F6A1	\xf0\x9f\x9a\xa1	
 🚠	&#x1f6a0;	U+1F6A0	\xf0\x9f\x9a\xa0	
 🚣	&#x1f6a3;	U+1F6A3	\xf0\x9f\x9a\xa3	
 🚢	&#x1f6a2;	U+1F6A2	\xf0\x9f\x9a\xa2	
 🚥	&#x1f6a5;	U+1F6A5	\xf0\x9f\x9a\xa5	
 🚤	&#x1f6a4;	U+1F6A4	\xf0\x9f\x9a\xa4	
 🚧	&#x1f6a7;	U+1F6A7	\xf0\x9f\x9a\xa7	
 🚦	&#x1f6a6;	U+1F6A6	\xf0\x9f\x9a\xa6	
 🚩	&#x1f6a9;	U+1F6A9	\xf0\x9f\x9a\xa9	
 🚨	&#x1f6a8;	U+1F6A8	\xf0\x9f\x9a\xa8	
 🚫	&#x1f6ab;	U+1F6AB	\xf0\x9f\x9a\xab	
 🚪	&#x1f6aa;	U+1F6AA	\xf0\x9f\x9a\xaa	
 🚭	&#x1f6ad;	U+1F6AD	\xf0\x9f\x9a\xad	
 🚬	&#x1f6ac;	U+1F6AC	\xf0\x9f\x9a\xac	
 🚯	&#x1f6af;	U+1F6AF	\xf0\x9f\x9a\xaf	
 🚮	&#x1f6ae;	U+1F6AE	\xf0\x9f\x9a\xae	
 ◀	&#x25c0;	U+25C0	\xe2\x97\x80	
 🚰	&#x1f6b0;	U+1F6B0	\xf0\x9f\x9a\xb0	
 🚳	&#x1f6b3;	U+1F6B3	\xf0\x9f\x9a\xb3	
 🚲	&#x1f6b2;	U+1F6B2	\xf0\x9f\x9a\xb2	
 🚵	&#x1f6b5;	U+1F6B5	\xf0\x9f\x9a\xb5	
 🚴	&#x1f6b4;	U+1F6B4	\xf0\x9f\x9a\xb4	
 🚷	&#x1f6b7;	U+1F6B7	\xf0\x9f\x9a\xb7	
 🚶	&#x1f6b6;	U+1F6B6	\xf0\x9f\x9a\xb6	
 🚹	&#x1f6b9;	U+1F6B9	\xf0\x9f\x9a\xb9	
 🚸	&#x1f6b8;	U+1F6B8	\xf0\x9f\x9a\xb8	
 🚻	&#x1f6bb;	U+1F6BB	\xf0\x9f\x9a\xbb	
 🚺	&#x1f6ba;	U+1F6BA	\xf0\x9f\x9a\xba	
 🚽	&#x1f6bd;	U+1F6BD	\xf0\x9f\x9a\xbd	
 🚼	&#x1f6bc;	U+1F6BC	\xf0\x9f\x9a\xbc	
 🚿	&#x1f6bf;	U+1F6BF	\xf0\x9f\x9a\xbf	
 🚾	&#x1f6be;	U+1F6BE	\xf0\x9f\x9a\xbe	
 🚁	&#x1f681;	U+1F681	\xf0\x9f\x9a\x81	
 🚀	&#x1f680;	U+1F680	\xf0\x9f\x9a\x80	
 🚃	&#x1f683;	U+1F683	\xf0\x9f\x9a\x83	
 🚂	&#x1f682;	U+1F682	\xf0\x9f\x9a\x82	
 🚅	&#x1f685;	U+1F685	\xf0\x9f\x9a\x85	
 🚄	&#x1f684;	U+1F684	\xf0\x9f\x9a\x84	
 🚇	&#x1f687;	U+1F687	\xf0\x9f\x9a\x87	
 🚆	&#x1f686;	U+1F686	\xf0\x9f\x9a\x86	
 🚉	&#x1f689;	U+1F689	\xf0\x9f\x9a\x89	
 🚈	&#x1f688;	U+1F688	\xf0\x9f\x9a\x88	
 🚋	&#x1f68b;	U+1F68B	\xf0\x9f\x9a\x8b	
 ◻	&#x25fb;	U+25FB	\xe2\x97\xbb	
 🚍	&#x1f68d;	U+1F68D	\xf0\x9f\x9a\x8d	
 ◽	&#x25fd;	U+25FD	\xe2\x97\xbd	
 🚏	&#x1f68f;	U+1F68F	\xf0\x9f\x9a\x8f	
 🚎	&#x1f68e;	U+1F68E	\xf0\x9f\x9a\x8e	
 🚑	&#x1f691;	U+1F691	\xf0\x9f\x9a\x91	
 🚐	&#x1f690;	U+1F690	\xf0\x9f\x9a\x90	
 🚓	&#x1f693;	U+1F693	\xf0\x9f\x9a\x93	
 🚒	&#x1f692;	U+1F692	\xf0\x9f\x9a\x92	
 🚕	&#x1f695;	U+1F695	\xf0\x9f\x9a\x95	
 🚔	&#x1f694;	U+1F694	\xf0\x9f\x9a\x94	
 🚗	&#x1f697;	U+1F697	\xf0\x9f\x9a\x97	
 🚖	&#x1f696;	U+1F696	\xf0\x9f\x9a\x96	
 🚙	&#x1f699;	U+1F699	\xf0\x9f\x9a\x99	
 🚘	&#x1f698;	U+1F698	\xf0\x9f\x9a\x98	
 🚛	&#x1f69b;	U+1F69B	\xf0\x9f\x9a\x9b	
 🚚	&#x1f69a;	U+1F69A	\xf0\x9f\x9a\x9a	
 🚝	&#x1f69d;	U+1F69D	\xf0\x9f\x9a\x9d	
 🚜	&#x1f69c;	U+1F69C	\xf0\x9f\x9a\x9c	
 🚟	&#x1f69f;	U+1F69F	\xf0\x9f\x9a\x9f	
 🚞	&#x1f69e;	U+1F69E	\xf0\x9f\x9a\x9e	
 🙋‍♂	&#x200d00000000;	U+1F64B0000200D00002642	\xf0\x9f\x99\x8b\xe2\x80\x8d\xe2\x99\x82	
 🇧🇯	&#x1f1e70001f1ef;	U+1F1E70001F1EF	\xf0\x9f\x87\xa7\xf0\x9f\x87\xaf	
 🇧🇮	&#x1f1e70001f1ee;	U+1F1E70001F1EE	\xf0\x9f\x87\xa7\xf0\x9f\x87\xae	
 🇧🇭	&#x1f1e70001f1ed;	U+1F1E70001F1ED	\xf0\x9f\x87\xa7\xf0\x9f\x87\xad	
 🇧🇬	&#x1f1e70001f1ec;	U+1F1E70001F1EC	\xf0\x9f\x87\xa7\xf0\x9f\x87\xac	
 🇧🇫	&#x1f1e70001f1eb;	U+1F1E70001F1EB	\xf0\x9f\x87\xa7\xf0\x9f\x87\xab	
 🇧🇪	&#x1f1e70001f1ea;	U+1F1E70001F1EA	\xf0\x9f\x87\xa7\xf0\x9f\x87\xaa	
 🇧🇩	&#x1f1e70001f1e9;	U+1F1E70001F1E9	\xf0\x9f\x87\xa7\xf0\x9f\x87\xa9	
 🇧🇧	&#x1f1e70001f1e7;	U+1F1E70001F1E7	\xf0\x9f\x87\xa7\xf0\x9f\x87\xa7	
 🇧🇦	&#x1f1e70001f1e6;	U+1F1E70001F1E6	\xf0\x9f\x87\xa7\xf0\x9f\x87\xa6	
 🇧🇿	&#x1f1e70001f1ff;	U+1F1E70001F1FF	\xf0\x9f\x87\xa7\xf0\x9f\x87\xbf	
 🇧🇾	&#x1f1e70001f1fe;	U+1F1E70001F1FE	\xf0\x9f\x87\xa7\xf0\x9f\x87\xbe	
 🇧🇼	&#x1f1e70001f1fc;	U+1F1E70001F1FC	\xf0\x9f\x87\xa7\xf0\x9f\x87\xbc	
 🇧🇹	&#x1f1e70001f1f9;	U+1F1E70001F1F9	\xf0\x9f\x87\xa7\xf0\x9f\x87\xb9	
 🇧🇸	&#x1f1e70001f1f8;	U+1F1E70001F1F8	\xf0\x9f\x87\xa7\xf0\x9f\x87\xb8	
 🇧🇷	&#x1f1e70001f1f7;	U+1F1E70001F1F7	\xf0\x9f\x87\xa7\xf0\x9f\x87\xb7	
 🇧🇶	&#x1f1e70001f1f6;	U+1F1E70001F1F6	\xf0\x9f\x87\xa7\xf0\x9f\x87\xb6	
 🇧🇴	&#x1f1e70001f1f4;	U+1F1E70001F1F4	\xf0\x9f\x87\xa7\xf0\x9f\x87\xb4	
 🇧🇳	&#x1f1e70001f1f3;	U+1F1E70001F1F3	\xf0\x9f\x87\xa7\xf0\x9f\x87\xb3	
 🇧🇲	&#x1f1e70001f1f2;	U+1F1E70001F1F2	\xf0\x9f\x87\xa7\xf0\x9f\x87\xb2	
 🇧🇱	&#x1f1e70001f1f1;	U+1F1E70001F1F1	\xf0\x9f\x87\xa7\xf0\x9f\x87\xb1	
 🙆‍♂	&#x200d00000000;	U+1F6460000200D00002642	\xf0\x9f\x99\x86\xe2\x80\x8d\xe2\x99\x82	
 👩‍❤‍💋‍👩	&#x0;	U+1F4690000200D000027640000200D0001F48B0000200D0001F469	\xf0\x9f\x91\xa9\xe2\x80\x8d\xe2\x9d\xa4\xe2\x80\x8d\xf0\x9f\x92\x8b\xe2\x80\x8d\xf0\x9f\x91\xa9	
 👨‍🏫	&#x200d00000000;	U+1F4680000200D0001F3EB	\xf0\x9f\x91\xa8\xe2\x80\x8d\xf0\x9f\x8f\xab	
 👨‍🏭	&#x200d00000000;	U+1F4680000200D0001F3ED	\xf0\x9f\x91\xa8\xe2\x80\x8d\xf0\x9f\x8f\xad	
 💆‍♂	&#x200d00000000;	U+1F4860000200D00002642	\xf0\x9f\x92\x86\xe2\x80\x8d\xe2\x99\x82	
 🧜‍♀️	&#x0;	U+1F9DC0000200D000026400000FE0F	\xf0\x9f\xa7\x9c\xe2\x80\x8d\xe2\x99\x80\xef\xb8\x8f	
 🕯	&#x1f56f;	U+1F56F	\xf0\x9f\x95\xaf	
 🕤	&#x1f564;	U+1F564	\xf0\x9f\x95\xa4	
 🕥	&#x1f565;	U+1F565	\xf0\x9f\x95\xa5	
 🕦	&#x1f566;	U+1F566	\xf0\x9f\x95\xa6	
 🕧	&#x1f567;	U+1F567	\xf0\x9f\x95\xa7	
 🕠	&#x1f560;	U+1F560	\xf0\x9f\x95\xa0	
 🕡	&#x1f561;	U+1F561	\xf0\x9f\x95\xa1	
 🕢	&#x1f562;	U+1F562	\xf0\x9f\x95\xa2	
 🕣	&#x1f563;	U+1F563	\xf0\x9f\x95\xa3	
 🕸	&#x1f578;	U+1F578	\xf0\x9f\x95\xb8	
 🕹	&#x1f579;	U+1F579	\xf0\x9f\x95\xb9	
 🕺	&#x1f57a;	U+1F57A	\xf0\x9f\x95\xba	
 🕴	&#x1f574;	U+1F574	\xf0\x9f\x95\xb4	
 🕵	&#x1f575;	U+1F575	\xf0\x9f\x95\xb5	
 🕶	&#x1f576;	U+1F576	\xf0\x9f\x95\xb6	
 🕷	&#x1f577;	U+1F577	\xf0\x9f\x95\xb7	
 🕰	&#x1f570;	U+1F570	\xf0\x9f\x95\xb0	
 🕳	&#x1f573;	U+1F573	\xf0\x9f\x95\xb3	
 🕌	&#x1f54c;	U+1F54C	\xf0\x9f\x95\x8c	
 🕍	&#x1f54d;	U+1F54D	\xf0\x9f\x95\x8d	
 🕎	&#x1f54e;	U+1F54E	\xf0\x9f\x95\x8e	
 7⃣	&#x37000020e3;	U+37000020E3	\x37\xe2\x83\xa3	
 🕊	&#x1f54a;	U+1F54A	\xf0\x9f\x95\x8a	
 🕋	&#x1f54b;	U+1F54B	\xf0\x9f\x95\x8b	
 🦸‍♂️	&#x0;	U+1F9B80000200D000026420000FE0F	\xf0\x9f\xa6\xb8\xe2\x80\x8d\xe2\x99\x82\xef\xb8\x8f	
 🕜	&#x1f55c;	U+1F55C	\xf0\x9f\x95\x9c	
 🕝	&#x1f55d;	U+1F55D	\xf0\x9f\x95\x9d	
 🕞	&#x1f55e;	U+1F55E	\xf0\x9f\x95\x9e	
 🕟	&#x1f55f;	U+1F55F	\xf0\x9f\x95\x9f	
 🕘	&#x1f558;	U+1F558	\xf0\x9f\x95\x98	
 🕙	&#x1f559;	U+1F559	\xf0\x9f\x95\x99	
 🕚	&#x1f55a;	U+1F55A	\xf0\x9f\x95\x9a	
 🕛	&#x1f55b;	U+1F55B	\xf0\x9f\x95\x9b	
 🕔	&#x1f554;	U+1F554	\xf0\x9f\x95\x94	
 🕕	&#x1f555;	U+1F555	\xf0\x9f\x95\x95	
 🕖	&#x1f556;	U+1F556	\xf0\x9f\x95\x96	
 🕗	&#x1f557;	U+1F557	\xf0\x9f\x95\x97	
 🕐	&#x1f550;	U+1F550	\xf0\x9f\x95\x90	
 🕑	&#x1f551;	U+1F551	\xf0\x9f\x95\x91	
 🕒	&#x1f552;	U+1F552	\xf0\x9f\x95\x92	
 🕓	&#x1f553;	U+1F553	\xf0\x9f\x95\x93	
 👱‍♀	&#x200d00000000;	U+1F4710000200D00002640	\xf0\x9f\x91\xb1\xe2\x80\x8d\xe2\x99\x80	
 👷‍♀	&#x200d00000000;	U+1F4770000200D00002640	\xf0\x9f\x91\xb7\xe2\x80\x8d\xe2\x99\x80	
 🇹🇻	&#x1f1f90001f1fb;	U+1F1F90001F1FB	\xf0\x9f\x87\xb9\xf0\x9f\x87\xbb	
 🦒	&#x1f992;	U+1F992	\xf0\x9f\xa6\x92	
 🕵‍♀	&#x200d00000000;	U+1F5750000200D00002640	\xf0\x9f\x95\xb5\xe2\x80\x8d\xe2\x99\x80	
 👨‍👩‍👧‍👦	&#x0;	U+1F4680000200D0001F4690000200D0001F4670000200D0001F466	\xf0\x9f\x91\xa8\xe2\x80\x8d\xf0\x9f\x91\xa9\xe2\x80\x8d\xf0\x9f\x91\xa7\xe2\x80\x8d\xf0\x9f\x91\xa6	
 👨‍👩‍👧‍👧	&#x0;	U+1F4680000200D0001F4690000200D0001F4670000200D0001F467	\xf0\x9f\x91\xa8\xe2\x80\x8d\xf0\x9f\x91\xa9\xe2\x80\x8d\xf0\x9f\x91\xa7\xe2\x80\x8d\xf0\x9f\x91\xa7	
 🔕	&#x1f515;	U+1F515	\xf0\x9f\x94\x95	
 🔓	&#x1f513;	U+1F513	\xf0\x9f\x94\x93	
 🧟‍♂️	&#x0;	U+1F9DF0000200D000026420000FE0F	\xf0\x9f\xa7\x9f\xe2\x80\x8d\xe2\x99\x82\xef\xb8\x8f	
 🇹🇰	&#x1f1f90001f1f0;	U+1F1F90001F1F0	\xf0\x9f\x87\xb9\xf0\x9f\x87\xb0	
 👮‍♀	&#x200d00000000;	U+1F46E0000200D00002640	\xf0\x9f\x91\xae\xe2\x80\x8d\xe2\x99\x80	
 🇹🇳	&#x1f1f90001f1f3;	U+1F1F90001F1F3	\xf0\x9f\x87\xb9\xf0\x9f\x87\xb3	
 👳‍♀	&#x200d00000000;	U+1F4730000200D00002640	\xf0\x9f\x91\xb3\xe2\x80\x8d\xe2\x99\x80	
 🇹🇲	&#x1f1f90001f1f2;	U+1F1F90001F1F2	\xf0\x9f\x87\xb9\xf0\x9f\x87\xb2	
 🇶🇦	&#x1f1f60001f1e6;	U+1F1F60001F1E6	\xf0\x9f\x87\xb6\xf0\x9f\x87\xa6	
 4⃣	&#x34000020e3;	U+34000020E3	\x34\xe2\x83\xa3	
 👨‍🦱	&#x200d00000000;	U+1F4680000200D0001F9B1	\xf0\x9f\x91\xa8\xe2\x80\x8d\xf0\x9f\xa6\xb1	
 👨‍🦰	&#x200d00000000;	U+1F4680000200D0001F9B0	\xf0\x9f\x91\xa8\xe2\x80\x8d\xf0\x9f\xa6\xb0	
 👨‍🦳	&#x200d00000000;	U+1F4680000200D0001F9B3	\xf0\x9f\x91\xa8\xe2\x80\x8d\xf0\x9f\xa6\xb3	
 👨‍🦲	&#x200d00000000;	U+1F4680000200D0001F9B2	\xf0\x9f\x91\xa8\xe2\x80\x8d\xf0\x9f\xa6\xb2	
 🔯	&#x1f52f;	U+1F52F	\xf0\x9f\x94\xaf	
 🔮	&#x1f52e;	U+1F52E	\xf0\x9f\x94\xae	
 🔭	&#x1f52d;	U+1F52D	\xf0\x9f\x94\xad	
 🔬	&#x1f52c;	U+1F52C	\xf0\x9f\x94\xac	
 🔫	&#x1f52b;	U+1F52B	\xf0\x9f\x94\xab	
 🔪	&#x1f52a;	U+1F52A	\xf0\x9f\x94\xaa	
 🔩	&#x1f529;	U+1F529	\xf0\x9f\x94\xa9	
 🔨	&#x1f528;	U+1F528	\xf0\x9f\x94\xa8	
 👩‍👧	&#x200d00000000;	U+1F4690000200D0001F467	\xf0\x9f\x91\xa9\xe2\x80\x8d\xf0\x9f\x91\xa7	
 👩‍👦	&#x200d00000000;	U+1F4690000200D0001F466	\xf0\x9f\x91\xa9\xe2\x80\x8d\xf0\x9f\x91\xa6	
 🔥	&#x1f525;	U+1F525	\xf0\x9f\x94\xa5	
 🔤	&#x1f524;	U+1F524	\xf0\x9f\x94\xa4	
 🔣	&#x1f523;	U+1F523	\xf0\x9f\x94\xa3	
 🔢	&#x1f522;	U+1F522	\xf0\x9f\x94\xa2	
 🔡	&#x1f521;	U+1F521	\xf0\x9f\x94\xa1	
 🔠	&#x1f520;	U+1F520	\xf0\x9f\x94\xa0	
 👩‍👧‍👦	&#x0;	U+1F4690000200D0001F4670000200D0001F466	\xf0\x9f\x91\xa9\xe2\x80\x8d\xf0\x9f\x91\xa7\xe2\x80\x8d\xf0\x9f\x91\xa6	
 👩‍👧‍👧	&#x0;	U+1F4690000200D0001F4670000200D0001F467	\xf0\x9f\x91\xa9\xe2\x80\x8d\xf0\x9f\x91\xa7\xe2\x80\x8d\xf0\x9f\x91\xa7	
 🔻	&#x1f53b;	U+1F53B	\xf0\x9f\x94\xbb	
 🔺	&#x1f53a;	U+1F53A	\xf0\x9f\x94\xba	
 🔹	&#x1f539;	U+1F539	\xf0\x9f\x94\xb9	
 🔸	&#x1f538;	U+1F538	\xf0\x9f\x94\xb8	
 🔷	&#x1f537;	U+1F537	\xf0\x9f\x94\xb7	
 🔶	&#x1f536;	U+1F536	\xf0\x9f\x94\xb6	
 🔵	&#x1f535;	U+1F535	\xf0\x9f\x94\xb5	
 🔴	&#x1f534;	U+1F534	\xf0\x9f\x94\xb4	
 🔳	&#x1f533;	U+1F533	\xf0\x9f\x94\xb3	
 🔲	&#x1f532;	U+1F532	\xf0\x9f\x94\xb2	
 🔱	&#x1f531;	U+1F531	\xf0\x9f\x94\xb1	
 🔰	&#x1f530;	U+1F530	\xf0\x9f\x94\xb0	
 🇹🇭	&#x1f1f90001f1ed;	U+1F1F90001F1ED	\xf0\x9f\x87\xb9\xf0\x9f\x87\xad	
 🇹🇬	&#x1f1f90001f1ec;	U+1F1F90001F1EC	\xf0\x9f\x87\xb9\xf0\x9f\x87\xac	
 🇹🇯	&#x1f1f90001f1ef;	U+1F1F90001F1EF	\xf0\x9f\x87\xb9\xf0\x9f\x87\xaf	
 🔌	&#x1f50c;	U+1F50C	\xf0\x9f\x94\x8c	
 🇹🇩	&#x1f1f90001f1e9;	U+1F1F90001F1E9	\xf0\x9f\x87\xb9\xf0\x9f\x87\xa9	
 🇹🇨	&#x1f1f90001f1e8;	U+1F1F90001F1E8	\xf0\x9f\x87\xb9\xf0\x9f\x87\xa8	
 🇹🇫	&#x1f1f90001f1eb;	U+1F1F90001F1EB	\xf0\x9f\x87\xb9\xf0\x9f\x87\xab	
 🔈	&#x1f508;	U+1F508	\xf0\x9f\x94\x88	
 🔇	&#x1f507;	U+1F507	\xf0\x9f\x94\x87	
 🔆	&#x1f506;	U+1F506	\xf0\x9f\x94\x86	
 🔅	&#x1f505;	U+1F505	\xf0\x9f\x94\x85	
 🔄	&#x1f504;	U+1F504	\xf0\x9f\x94\x84	
 🔃	&#x1f503;	U+1F503	\xf0\x9f\x94\x83	
 🔂	&#x1f502;	U+1F502	\xf0\x9f\x94\x82	
 🔁	&#x1f501;	U+1F501	\xf0\x9f\x94\x81	
 🔀	&#x1f500;	U+1F500	\xf0\x9f\x94\x80	
 🔟	&#x1f51f;	U+1F51F	\xf0\x9f\x94\x9f	
 🇹🇼	&#x1f1f90001f1fc;	U+1F1F90001F1FC	\xf0\x9f\x87\xb9\xf0\x9f\x87\xbc	
 🔝	&#x1f51d;	U+1F51D	\xf0\x9f\x94\x9d	
 🔜	&#x1f51c;	U+1F51C	\xf0\x9f\x94\x9c	
 🔛	&#x1f51b;	U+1F51B	\xf0\x9f\x94\x9b	
 🔚	&#x1f51a;	U+1F51A	\xf0\x9f\x94\x9a	
 🔙	&#x1f519;	U+1F519	\xf0\x9f\x94\x99	
 🔘	&#x1f518;	U+1F518	\xf0\x9f\x94\x98	
 🔗	&#x1f517;	U+1F517	\xf0\x9f\x94\x97	
 🔖	&#x1f516;	U+1F516	\xf0\x9f\x94\x96	
 🇹🇷	&#x1f1f90001f1f7;	U+1F1F90001F1F7	\xf0\x9f\x87\xb9\xf0\x9f\x87\xb7	
 🔔	&#x1f514;	U+1F514	\xf0\x9f\x94\x94	
 🇹🇱	&#x1f1f90001f1f1;	U+1F1F90001F1F1	\xf0\x9f\x87\xb9\xf0\x9f\x87\xb1	
 🔒	&#x1f512;	U+1F512	\xf0\x9f\x94\x92	
 🔑	&#x1f511;	U+1F511	\xf0\x9f\x94\x91	
 🔐	&#x1f510;	U+1F510	\xf0\x9f\x94\x90	
 🇽🇹	&#x1f1fd0001f1f9;	U+1F1FD0001F1F9	\xf0\x9f\x87\xbd\xf0\x9f\x87\xb9	
 🇽🇸	&#x1f1fd0001f1f8;	U+1F1FD0001F1F8	\xf0\x9f\x87\xbd\xf0\x9f\x87\xb8	
 🇽🇼	&#x1f1fd0001f1fc;	U+1F1FD0001F1FC	\xf0\x9f\x87\xbd\xf0\x9f\x87\xbc	
 🇽🇰	&#x1f1fd0001f1f0;	U+1F1FD0001F1F0	\xf0\x9f\x87\xbd\xf0\x9f\x87\xb0	
 🇽🇪	&#x1f1fd0001f1ea;	U+1F1FD0001F1EA	\xf0\x9f\x87\xbd\xf0\x9f\x87\xaa	
 🇦🇮	&#x1f1e60001f1ee;	U+1F1E60001F1EE	\xf0\x9f\x87\xa6\xf0\x9f\x87\xae	
 🇦🇬	&#x1f1e60001f1ec;	U+1F1E60001F1EC	\xf0\x9f\x87\xa6\xf0\x9f\x87\xac	
 🇦🇪	&#x1f1e60001f1ea;	U+1F1E60001F1EA	\xf0\x9f\x87\xa6\xf0\x9f\x87\xaa	
 🇦🇫	&#x1f1e60001f1eb;	U+1F1E60001F1EB	\xf0\x9f\x87\xa6\xf0\x9f\x87\xab	
 🇦🇩	&#x1f1e60001f1e9;	U+1F1E60001F1E9	\xf0\x9f\x87\xa6\xf0\x9f\x87\xa9	
 🇦🇿	&#x1f1e60001f1ff;	U+1F1E60001F1FF	\xf0\x9f\x87\xa6\xf0\x9f\x87\xbf	
 🇦🇼	&#x1f1e60001f1fc;	U+1F1E60001F1FC	\xf0\x9f\x87\xa6\xf0\x9f\x87\xbc	
 🇦🇽	&#x1f1e60001f1fd;	U+1F1E60001F1FD	\xf0\x9f\x87\xa6\xf0\x9f\x87\xbd	
 🇦🇺	&#x1f1e60001f1fa;	U+1F1E60001F1FA	\xf0\x9f\x87\xa6\xf0\x9f\x87\xba	
 🇦🇸	&#x1f1e60001f1f8;	U+1F1E60001F1F8	\xf0\x9f\x87\xa6\xf0\x9f\x87\xb8	
 🇦🇹	&#x1f1e60001f1f9;	U+1F1E60001F1F9	\xf0\x9f\x87\xa6\xf0\x9f\x87\xb9	
 🇦🇶	&#x1f1e60001f1f6;	U+1F1E60001F1F6	\xf0\x9f\x87\xa6\xf0\x9f\x87\xb6	
 🇦🇷	&#x1f1e60001f1f7;	U+1F1E60001F1F7	\xf0\x9f\x87\xa6\xf0\x9f\x87\xb7	
 🇦🇴	&#x1f1e60001f1f4;	U+1F1E60001F1F4	\xf0\x9f\x87\xa6\xf0\x9f\x87\xb4	
 🇦🇲	&#x1f1e60001f1f2;	U+1F1E60001F1F2	\xf0\x9f\x87\xa6\xf0\x9f\x87\xb2	
 💂‍♀	&#x200d00000000;	U+1F4820000200D00002640	\xf0\x9f\x92\x82\xe2\x80\x8d\xe2\x99\x80	
 🕉	&#x1f549;	U+1F549	\xf0\x9f\x95\x89	
 🇼🇸	&#x1f1fc0001f1f8;	U+1F1FC0001F1F8	\xf0\x9f\x87\xbc\xf0\x9f\x87\xb8	
 🇼🇫	&#x1f1fc0001f1eb;	U+1F1FC0001F1EB	\xf0\x9f\x87\xbc\xf0\x9f\x87\xab	
 🤼‍♀	&#x200d00000000;	U+1F93C0000200D00002640	\xf0\x9f\xa4\xbc\xe2\x80\x8d\xe2\x99\x80	
 🤼‍♂	&#x200d00000000;	U+1F93C0000200D00002642	\xf0\x9f\xa4\xbc\xe2\x80\x8d\xe2\x99\x82	
 🙅‍♂	&#x200d00000000;	U+1F6450000200D00002642	\xf0\x9f\x99\x85\xe2\x80\x8d\xe2\x99\x82	
 ➿	&#x27bf;	U+27BF	\xe2\x9e\xbf	
 🆎	&#x1f18e;	U+1F18E	\xf0\x9f\x86\x8e	
 🆕	&#x1f195;	U+1F195	\xf0\x9f\x86\x95	
 🆔	&#x1f194;	U+1F194	\xf0\x9f\x86\x94	
 🆗	&#x1f197;	U+1F197	\xf0\x9f\x86\x97	
 🆖	&#x1f196;	U+1F196	\xf0\x9f\x86\x96	
 🆑	&#x1f191;	U+1F191	\xf0\x9f\x86\x91	
 🆓	&#x1f193;	U+1F193	\xf0\x9f\x86\x93	
 🆒	&#x1f192;	U+1F192	\xf0\x9f\x86\x92	
 🆙	&#x1f199;	U+1F199	\xf0\x9f\x86\x99	
 🆘	&#x1f198;	U+1F198	\xf0\x9f\x86\x98	
 🆚	&#x1f19a;	U+1F19A	\xf0\x9f\x86\x9a	
 🇯🇪	&#x1f1ef0001f1ea;	U+1F1EF0001F1EA	\xf0\x9f\x87\xaf\xf0\x9f\x87\xaa	
 🧛‍♂️	&#x0;	U+1F9DB0000200D000026420000FE0F	\xf0\x9f\xa7\x9b\xe2\x80\x8d\xe2\x99\x82\xef\xb8\x8f	
 🇯🇵	&#x1f1ef0001f1f5;	U+1F1EF0001F1F5	\xf0\x9f\x87\xaf\xf0\x9f\x87\xb5	
 🇯🇴	&#x1f1ef0001f1f4;	U+1F1EF0001F1F4	\xf0\x9f\x87\xaf\xf0\x9f\x87\xb4	
 🇯🇲	&#x1f1ef0001f1f2;	U+1F1EF0001F1F2	\xf0\x9f\x87\xaf\xf0\x9f\x87\xb2	
 🏴󠁧󠁢󠁷󠁬󠁳󠁿	&#x0;	U+1F3F4000E0067000E0062000E0077000E006C000E0073000E007F	\xf0\x9f\x8f\xb4\xf3\xa0\x81\xa7\xf3\xa0\x81\xa2\xf3\xa0\x81\xb7\xf3\xa0\x81\xac\xf3\xa0\x81\xb3\xf3\xa0\x81\xbf	
 🙍‍♂	&#x200d00000000;	U+1F64D0000200D00002642	\xf0\x9f\x99\x8d\xe2\x80\x8d\xe2\x99\x82	
 🇺🇸	&#x1f1fa0001f1f8;	U+1F1FA0001F1F8	\xf0\x9f\x87\xba\xf0\x9f\x87\xb8	
 🇺🇾	&#x1f1fa0001f1fe;	U+1F1FA0001F1FE	\xf0\x9f\x87\xba\xf0\x9f\x87\xbe	
 🇺🇿	&#x1f1fa0001f1ff;	U+1F1FA0001F1FF	\xf0\x9f\x87\xba\xf0\x9f\x87\xbf	
 🇺🇬	&#x1f1fa0001f1ec;	U+1F1FA0001F1EC	\xf0\x9f\x87\xba\xf0\x9f\x87\xac	
 5⃣	&#x35000020e3;	U+35000020E3	\x35\xe2\x83\xa3	
 🇺🇦	&#x1f1fa0001f1e6;	U+1F1FA0001F1E6	\xf0\x9f\x87\xba\xf0\x9f\x87\xa6	
 🇿🇲	&#x1f1ff0001f1f2;	U+1F1FF0001F1F2	\xf0\x9f\x87\xbf\xf0\x9f\x87\xb2	
 〰	&#x3030;	U+3030	\xe3\x80\xb0	
 🇿🇼	&#x1f1ff0001f1fc;	U+1F1FF0001F1FC	\xf0\x9f\x87\xbf\xf0\x9f\x87\xbc	
 🇿🇦	&#x1f1ff0001f1e6;	U+1F1FF0001F1E6	\xf0\x9f\x87\xbf\xf0\x9f\x87\xa6	
 🏌‍♀	&#x200d00000000;	U+1F3CC0000200D00002640	\xf0\x9f\x8f\x8c\xe2\x80\x8d\xe2\x99\x80	
 🙇‍♀	&#x200d00000000;	U+1F6470000200D00002640	\xf0\x9f\x99\x87\xe2\x80\x8d\xe2\x99\x80	
 ®	&#xae;	U+AE	\xc2\xae	
 ©	&#xa9;	U+A9	\xc2\xa9	
 🏴󠁧󠁢󠁳󠁣󠁴󠁿	&#x0;	U+1F3F4000E0067000E0062000E0073000E0063000E0074000E007F	\xf0\x9f\x8f\xb4\xf3\xa0\x81\xa7\xf3\xa0\x81\xa2\xf3\xa0\x81\xb3\xf3\xa0\x81\xa3\xf3\xa0\x81\xb4\xf3\xa0\x81\xbf	
 🗨	&#x1f5e8;	U+1F5E8	\xf0\x9f\x97\xa8	
 🗯	&#x1f5ef;	U+1F5EF	\xf0\x9f\x97\xaf	
 💇‍♂	&#x200d00000000;	U+1F4870000200D00002642	\xf0\x9f\x92\x87\xe2\x80\x8d\xe2\x99\x82	
 🗣	&#x1f5e3;	U+1F5E3	\xf0\x9f\x97\xa3	
 🗡	&#x1f5e1;	U+1F5E1	\xf0\x9f\x97\xa1	
 🗺	&#x1f5fa;	U+1F5FA	\xf0\x9f\x97\xba	
 🗻	&#x1f5fb;	U+1F5FB	\xf0\x9f\x97\xbb	
 🗾	&#x1f5fe;	U+1F5FE	\xf0\x9f\x97\xbe	
 🗿	&#x1f5ff;	U+1F5FF	\xf0\x9f\x97\xbf	
 🗼	&#x1f5fc;	U+1F5FC	\xf0\x9f\x97\xbc	
 🗽	&#x1f5fd;	U+1F5FD	\xf0\x9f\x97\xbd	
 🗳	&#x1f5f3;	U+1F5F3	\xf0\x9f\x97\xb3	
 🧖‍♀️	&#x0;	U+1F9D60000200D000026400000FE0F	\xf0\x9f\xa7\x96\xe2\x80\x8d\xe2\x99\x80\xef\xb8\x8f	
 🗂	&#x1f5c2;	U+1F5C2	\xf0\x9f\x97\x82	
 🗃	&#x1f5c3;	U+1F5C3	\xf0\x9f\x97\x83	
 🗄	&#x1f5c4;	U+1F5C4	\xf0\x9f\x97\x84	
 👩‍🍳	&#x200d00000000;	U+1F4690000200D0001F373	\xf0\x9f\x91\xa9\xe2\x80\x8d\xf0\x9f\x8d\xb3	
 🗞	&#x1f5de;	U+1F5DE	\xf0\x9f\x97\x9e	
 🗜	&#x1f5dc;	U+1F5DC	\xf0\x9f\x97\x9c	
 🗝	&#x1f5dd;	U+1F5DD	\xf0\x9f\x97\x9d	
 🗒	&#x1f5d2;	U+1F5D2	\xf0\x9f\x97\x92	
 🗓	&#x1f5d3;	U+1F5D3	\xf0\x9f\x97\x93	
 🗑	&#x1f5d1;	U+1F5D1	\xf0\x9f\x97\x91	
 🤷‍♂	&#x200d00000000;	U+1F9370000200D00002642	\xf0\x9f\xa4\xb7\xe2\x80\x8d\xe2\x99\x82	
 🤷‍♀	&#x200d00000000;	U+1F9370000200D00002640	\xf0\x9f\xa4\xb7\xe2\x80\x8d\xe2\x99\x80	
 ‼	&#x203c;	U+203C	\xe2\x80\xbc	
 🦹‍♀️	&#x0;	U+1F9B90000200D000026400000FE0F	\xf0\x9f\xa6\xb9\xe2\x80\x8d\xe2\x99\x80\xef\xb8\x8f	
 🇴🇲	&#x1f1f40001f1f2;	U+1F1F40001F1F2	\xf0\x9f\x87\xb4\xf0\x9f\x87\xb2	
 